"인허가번호","시군구코드","신청분류코드","업무구분코드","운영상태코드","업소명","주소","전화번호","인허가일자","인허가내용","인허가사유내용","신고일자","준공일자","시군구인허가번호","삭제일자","취소일자","최초등록시점","최종수정시점","대상일련번호","대표자조직관리ID","조직관리ID","상위조직관리ID","조직비조직구분코드","우편번호","지역코드","행정동코드","산","번지","호","특수주소"
"PHMB520143180034042500004","3180000","신고","소독업","영업중","(주)세스코 영등포지사","","02-2676-8301","20140430","","","20170316","","제 160 호","20170317","","2014-04-30 11:55:46.0","2017-03-17 11:44:54.0","1","0","0","0","1","","","","","","",""
"PHMB520093180034042500015","3180000","신고","소독업","영업중","삼호실업(주)","서울특별시 영등포구 여의도동 25번지 5호 1403호","02)780-0636","20091016","대표자 장인수 -> 대표자 조금순","대표자 장인수 사망","20180509","","5","20180510","","2009-10-16 15:12:10.0","2018-05-10 09:50:53.0","1","0","0","0","1","150878","1156011000","1156054000","1","25","5","1403호"
"PHMB520203180034042500026","3180000","신고","소독업","영업중","(주)대교산업","서울특별시 영등포구 여의도동 25-3 동화빌딩","02-783-2272","20200709","소독업소개설신고 민원","감염병의 예방 및 관리에 관한 법률 제52조 및 같은 법 시행규칙 제37조제3항에 따라 보건지원과 민원접수번호 202031800340004512호를 처리함","20200709","","","20200710","","2020-07-10 10:20:24.0","2020-07-10 10:20:24.0","1","0","0","0","1","","1156011000","1156054000","1","25","3","동화빌딩"
"PHMB520203180034042500003","3180000","신고","소독업","영업중","주식회사 오성이앤비","서울특별시 영등포구 양평동1가 116번지 48호","","20180108","경기도 화성시 보건소에서 2020년 03월 09일부로 전출처리됨 변경 전: 경기도 화성시 여울로4길 34 대훈빌딩 4층 402호 변경 후: 서울시 영등포구 선유로27길 2","소재지변경","20180108","","","20200317","","2018-01-09 09:22:20.0","2020-03-17 10:04:53.0","1","0","0","0","1","","1156012500","1156061000","1","116","48",""
"PHMB520203180034042500021","3180000","신고","소독업","영업중","(주)케이디텍","서울특별시 영등포구 양평동2가 37번지 1호 동아프라임밸리","02-6096-6380","20200604","소독업소개설신고 민원","감염병의 예방 및 관리에 관한 법률 제52조 및 같은 법 시행규칙 제37조제3항에 따라 보건지원과 민원접수번호 202031800340003635호를 처리함","20200604","","","20200604","","2020-06-04 17:47:53.0","2020-06-04 17:47:53.0","1","0","0","0","1","","1156012600","1156061000","1","37","1","동아프라임밸리"
"PHMB520093180034042500001","3180000","신고","소독업","영업중","(주)잉글리쉬맨파워코리아","서울특별시 영등포구 여의도동 36번지 2호 맨하탄빌딩 11층 6호","","20090203","대장초기자료 입력","소재지변경 및 법인변경","20090204","","69","20090204","","2009-02-04 09:18:44.0","2009-02-04 10:42:44.0","1","0","0","0","1","150886","1156011000","1156054000","1","36","2","맨하탄빌딩 11층 6호"
"PHMB520093180034042500002","3180000","신고","소독업","영업중","(주)특임용역사업단","서울특별시 영등포구 여의도동 14번지 2호 동아빌딩 5층","738-8240","20090324","소독업소 초기자료 등록","전염병예방법 시행규칙 제20조의2의 규정에 따라 처리된 대장정보를 초기자료 등록 함.","20090324","","98","20090324","","2009-03-24 16:56:25.0","2009-03-24 16:56:25.0","1","","","","1","150701","1156011000","1156054000","1","14","2","동아빌딩 5층"
"PHMB520093180034042500003","3180000","신고","소독업","영업중","(주)특임용역사업단","서울특별시 영등포구 여의도동 14번지 2호 동아빌딩 5층","7388240","20090324","소독업소개설신고 민원","전염병예방법 시행규칙 제20조의2의 규정에 따라 보건지원과 민원접수번호 200931800340001282호를 처리함","20090324","","","20090324","","2009-03-24 17:40:06.0","2009-03-24 17:40:06.0","1","0","0","0","1","150871","1156011000","1156054000","1","14","2","동아빌딩 5층"
"PHMB520113180034042500010","3180000","신고","소독업","폐업","크린청","서울특별시 영등포구 도림동 107번지 4호 1층","070-7590-1233","20110930","폐업","개인사유","","","","20160920","20160907","2011-09-30 15:55:19.0","2016-09-20 13:19:20.0","1","0","0","0","1","150829","1156011800","1156058500","1","107","4","1층"
"PHMB520093180034042500009","3180000","신고","소독업","폐업","(주)광진씨엔에스","서울특별시 영등포구 신길동 116번지 1호 4층","832-6206","20030624","폐업","자진폐업","","20180202","제 58 호","20180202","20180202","2009-07-07 12:00:18.0","2018-02-02 17:59:11.0","1","0","0","0","1","","1156013200","1156063000","1","116","1","4층"
"PHMB520193180034042500004","3180000","신고","소독업","영업중","스마일크린","","","20190318","소독업소개설신고 민원","감염병의 예방 및 관리에 관한 법률 제52조 및 같은 법 시행규칙 제37조제3항에 따라 보건지원과 민원접수번호 201931800340001453호를 처리함","20190318","","","20190319","","2019-03-19 09:32:17.0","2019-03-19 09:32:17.0","1","0","0","0","1","07369 ","","","","","",""
"PHMB520013180034042500001","3180000","신고","소독업","영업중","명진기업(주)","서울특별시 영등포구 양평동2가 37번지 2호","","20010604","소독업소 초기자료 등록","","20010604","","제43호","20170605","","2016-11-28 15:33:08.0","2017-06-05 15:51:09.0","1","0","0","0","1","","1156012600","1156061000","1","37","2",""
"PHMB520103180034042500013","3180000","신고","소독업","영업중","선우환경관리(주)","서울특별시 영등포구 당산동6가 306번지 1호","","20101210","대표자변경[정경애(66.03.05) -> 정경숙(690102)","대표자 변경","20180117","","제118호","20180117","","2010-12-10 16:20:18.0","2018-01-17 15:08:12.0","1","0","0","0","1","150809","1156011600","1156056000","1","306","1",""
"PHMB520163180034042500011","3180000","신고","소독업","영업중","(주)휴먼이솔루션","","02-2679-0325","20161215","소독업소개설신고 민원","감염병의 예방 및 관리에 관한 법률 제52조 및 같은 법 시행규칙 제37조제3항에 따라 보건지원과 민원접수번호 201631800340008320호를 처리함","20161215","","제187호","20161216","","2016-12-16 09:59:41.0","2016-12-16 10:01:59.0","1","0","0","0","1","","","","","","",""
"PHMB520183180034042500001","3180000","신고","소독업","영업중","주식회사 홈앤아이 클린케어","서울특별시 영등포구 영등포동6가 68번지 5호 경암빌딩","","20180117","소독업소개설신고 민원","감염병의 예방 및 관리에 관한 법률 제52조 및 같은 법 시행규칙 제37조제3항에 따라 보건지원과 민원접수번호 201831800340000414호를 처리함","20180117","","제197호","20180117","","2018-01-17 15:06:37.0","2018-01-17 15:20:59.0","1","0","0","0","1","","1156010700","1156053500","1","68","5","경암빌딩"
"PHMB520163180034042500007","3180000","신고","소독업","영업중","(주)토우에스이엠","서울특별시 영등포구 당산동2가 30번지 2호","02-6166-3117","20161103","대표자 변경 (변경 전: 정강현→변경 후: 신민수)","대표자 변경","20191118","","제183호","20191118","","2016-11-07 17:46:18.0","2019-11-18 16:21:44.0","1","0","0","0","1","","1156011200","","1","30","2",""
"PHMB519993180034042500004","3180000","신고","소독업","폐업","제일방역","","02-2675-0009","19991025","폐업","건강상 이유","","20150707","제 3 호","20150707","20150707","2015-07-07 17:01:15.0","2015-07-07 17:15:15.0","1","0","0","0","1","","","","","","",""
"PHMB520153180034042500008","3180000","신고","소독업","영업중","CS방역","서울특별시 영등포구 양평동1가 245번지","","20150729","소독업소개설신고 민원","감염병의 예방 및 관리에 관한 법률 제52조 및 같은 법 시행규칙 제37조제3항에 따라 보건지원과 민원접수번호 201531800340004986호를 처리함","20150729","","제 173 호","20150730","","2015-07-29 18:37:13.0","2015-07-30 09:27:19.0","1","0","0","0","1","150863","1156012500","1156061000","1","245","",""
"PHMB520103180034042500001","3180000","신고","소독업","폐업","대한민국 특수임무수행자회","서울특별시 영등포구 여의도동 14번지 2호  동아빌딩5층(502/503)","780-4855","20100129","","","","20150508","","20150508","20150508","2010-01-30 14:01:31.0","2015-05-08 13:51:16.0","1","0","0","0","1","150871","1156011000","1156054000","1","14","2","동아빌딩5층(502/503)"
"PHMB519993180034042500003","3180000","신고","소독업","폐업","부림위생","","","19990222","","","","","제 26 호","20151205","20150501","2015-05-01 17:17:05.0","2015-12-05 15:04:17.0","1","0","0","0","1","","","","","","",""
"PHMB520003180034042500001","3180000","신고","소독업","영업중","(주)친환경","서울특별시 영등포구 양평동2가 36번지 37호 지하1층","","20071213","(주)케이피엠환경 -> (주)친환경","상호변경","20110314","","제90호","20161128","","2011-03-14 10:32:51.0","2016-11-28 10:01:42.0","1","0","0","0","1","150102","1156012600","1156061000","1","36","37","지하1층"
"PHMB520093180034042500004","3180000","신고","소독업","영업중","엘림에스엘(주)","서울특별시 영등포구 양평동2가 35번지 6호 2층","02)2069-1784","20090325","사업장소재지변경[양평동2가 29-23 --> 양평동2가 35-6]","사업장소재지변경","20110520","","제99호","20161128","","2009-03-25 17:15:20.0","2016-11-28 10:03:17.0","1","0","0","0","1","150102","1156012600","1156061000","1","35","6","2층"
"PHMB520153180034042500009","3180000","신고","소독업","영업중","(주)대신이엠에스","","02-6673-0305","20150730","소독업소개설신고 민원","감염병의 예방 및 관리에 관한 법률 제52조 및 같은 법 시행규칙 제37조제3항에 따라 보건지원과 민원접수번호 201531800340005022호를 처리함","20150730","","제 174 호","20150731","","2015-07-31 08:47:31.0","2015-07-31 09:44:47.0","1","0","0","0","1","","","","","","",""
"PHMB520143180034042500007","3180000","신고","소독업","영업중","케이에프앤에스(주)","서울특별시 영등포구 여의도동 28번지 2호","3278-1300","20140807","대표자변경[이상곤(5806237)->박노(600501)]","","20160408","","제 163 호","20160412","","2014-08-08 08:38:26.0","2016-04-12 07:21:44.0","1","0","0","0","1","150931","1156011000","1156054000","1","28","2",""
"PHMB520043180034042500003","3180000","신고","소독업","영업중","(주)에스에스개발","","02-831-9734","20041025","명칭변경:세신환경개발->(주)에스에스개발","법인사업자로 변경","20140723","","70","20140723","","2014-07-23 14:41:14.0","2014-07-23 17:41:50.0","1","0","0","0","1","","","","","","",""
"PHMB520103180034042500010","3180000","신고","소독업","영업중","보건기업(주)","서울특별시 영등포구 문래동5가 9번지 벽산디지털밸리 1602-2","833-2731","20100909","대표자 변경[정현균(54.12.30.) → 김동일(59.02.24.)]","대표자 변경[정현균(54.12.30.) → 김동일(59.02.24.)]","20170714","","제116호","20170714","","2010-09-09 15:38:12.0","2017-07-14 18:01:16.0","1","0","0","0","1","150095","1156012300","1156060500","1","9","","벽산디지털밸리 1602-2"
"PHMB519843180034042500001","3180000","신고","소독업","영업중","아세아환경(주)","","02-780-6876","19841026","법인내 대표자변경[허은강(420327-1*) → 허은강(420327-1*) 허륜석(760101-1*)]","법인내 대표자 변경","20170414","","제1호","20170414","","2016-11-28 10:59:35.0","2017-04-14 18:18:05.0","1","0","0","0","1","","","","","","",""
"PHMB520083180034042500005","3180000","신고","소독업","영업중","태가비엠(주)","","02-562-9431","20081008","소독업소 초기자료 등록","","20081008","","제95호","20161128","","2016-11-28 16:24:53.0","2016-11-28 16:24:53.0","1","0","0","0","1","","","","","","",""
"PHMB520073180034042500004","3180000","신고","소독업","영업중","정건물관리공사","","02-2633-0459","20070418","소독업소 초기자료 등록","","20070418","","제83호","20161128","","2016-11-28 16:19:28.0","2016-11-28 16:27:34.0","1","0","0","0","1","","","","","","",""
"PHMB520143180034042500008","3180000","신고","소독업","영업중","주식회사 평산종합관리","","02-2675-8301","20140904","소독업소개설신고 민원","감염병의 예방 및 관리에 관한 법률 제52조 및 같은 법 시행규칙 제37조제3항에 따라 보건지원과 민원접수번호 201431800340005956호를 처리함","20140904","","제 164 호","20140905","","2014-09-04 17:42:00.0","2014-09-05 11:32:30.0","1","0","0","0","1","","","","","","",""
"PHMB520163180034042500009","3180000","신고","소독업","영업중","(주)태왕사이언스","","","20131218","소재지변경 : 구로구->영등포구","소재지변경 : 구로구->영등포구","20161208","","제185호","20161208","","2013-12-18 17:58:48.0","2016-12-08 14:31:16.0","1","0","0","0","1","","","","","","",""
"PHMB520203180034042500002","3180000","신고","소독업","영업중","더 편한The 편한","서울특별시 영등포구 문래동1가 96번지 4호 한양빌딩 6층","","20200306","소독업소개설신고 민원","감염병의 예방 및 관리에 관한 법률 제52조 및 같은 법 시행규칙 제37조제3항에 따라 보건지원과 민원접수번호 202031800340001392호를 처리함","20200306","","","20200306","","2020-03-06 15:20:45.0","2020-03-06 15:20:45.0","1","0","0","0","1","","1156011900","1156060500","1","96","4","한양빌딩 6층"
"PHMB520073180034042500002","3180000","신고","소독업","영업중","(주)한성세영비엔에이","서울특별시 영등포구 영등포동 592번지 27호 1층","2636-7422","20070702","소독업소 초기자료 등록","","20070702","","제87호","20161128","","2012-01-26 15:09:51.0","2016-11-28 10:00:11.0","1","0","0","0","1","150030","1156010100","1156053500","1","592","27","1층"
"PHMB520093180034042500007","3180000","신고","소독업","폐업","(주)좋은세상 씨앤씨","서울특별시 영등포구 대림3동 683번지 21호  (지하1층)","","20090625","","","","20171012","제101호","20171012","20171012","2009-06-26 19:55:50.0","2017-10-12 16:23:39.0","1","0","0","0","1","150073","1156013300","1156072000","1","683","21","(지하1층)"
"PHMB520113180034042500001","3180000","신고","소독업","폐업","(주)환경을 아는 사람들","서울특별시 영등포구 여의도동 13번지 20호 41통 5반 프린스텔 505호","1599-1714","20110106","보건지원과-21344호(20161128)에의거 직권폐업","보건지원과-21344호(20161128)에의거 직권폐업","","","제120호","20161129","20130801","2011-01-07 13:28:03.0","2016-11-29 15:27:36.0","1","0","0","0","1","150870","1156011000","","1","13","20","프린스텔"
"PHMB520003180034042500003","3180000","신고","소독업","폐업","(주)케이와이시스템","","","20000129","보건지원과-21344호(20161128)에의거 직권폐업","보건지원과-21344호(20161128)에의거 직권폐업","","","제37호","20161129","20160430","2016-11-29 15:31:06.0","2016-11-29 15:31:06.0","1","0","0","0","1","","","","","","",""
"PHMB520193180034042500006","3180000","신고","소독업","영업중","주식회사 제이개발","서울특별시 영등포구 양평동2가 43번지 6호 삼성코코빌 102동 204호","02-2631-0355","20190725","소독업소개설신고 민원","감염병의 예방 및 관리에 관한 법률 제52조 및 같은 법 시행규칙 제37조제3항에 따라 보건지원과 민원접수번호 201931800340004971호를 처리함","20190725","","","20190725","","2019-07-25 16:44:09.0","2019-07-25 16:44:09.0","1","0","0","0","1","","1156012600","1156061000","1","43","6","삼성코코빌"
"PHMB520153180034042500003","3180000","신고","소독업","영업중","다잘","서울특별시 영등포구 도림동 224번지","","20150202","소재지변경[경인로 114길 → 도영로 7길1]","","20160113","","제 168 호","20160114","","2015-02-02 18:21:26.0","2016-01-14 13:06:41.0","1","0","0","0","1","","1156011800","1156058500","1","224","",""
"PHMB520093180034042500018","3180000","신고","소독업","영업중","(주)한국커리어서치","서울특별시 영등포구 영등포동3가 8번지 연암빌딩(3층)","","20091127","주소지변경 [영중로 74 → 영중로 22  401호]","","20150605","","제 108 호","20150606","","2009-11-27 21:44:58.0","2015-06-06 13:21:39.0","1","0","0","0","1","150033","1156010400","1156053500","1","8","","연암빌딩(3층)"
"PHMB520193180034042500005","3180000","신고","소독업","영업중","주식회사 세프로","서울특별시 영등포구 여의도동 44번지 12호 고려빌딩","","20190626","소재지 변경 변경 전: 서울시 영등포구 여의대방로69길 28 (유성빌딩 4층 411-2호) 변경 후: 서울시 영등포구 여의대방로67길 8(고려빌딩 410호)","소재지 변경","20200205","","","20200205","","2019-06-27 09:28:26.0","2020-02-05 16:16:57.0","1","0","0","0","1","","1156011000","1156054000","1","44","12","고려빌딩"
"PHMB520093180034042500014","3180000","신고","소독업","영업중","(주)에프터클린","서울특별시 영등포구 양평동1가 9번지 32호 윤당제1빌딩","","20090901","선유로88 502호-> 선유로88 201호","소재지 이전","20180801","","제106호","20180806","","2009-09-01 15:11:58.0","2018-08-06 09:57:00.0","1","0","0","0","1","","1156012500","1156061000","1","9","32","윤당제1빌딩"
"PHMB520173180034042500007","3180000","신고","소독업","영업중","코스원","","02-2632-4020","20170711","명칭 변경[동아크린케어 → 코스원]","명칭변경","20171114","","제 194 호","20171114","","2017-07-11 18:16:24.0","2017-11-14 17:24:36.0","1","0","0","0","1","","","","","","",""
"PHMB520123180034042500012","3180000","신고","소독업","영업중","에코에어","서울특별시 영등포구 신길동 401번지 8호 신길동","070-4231-1044","20120801","주소지변경[신길로 59 → 도림로 263 현대빌딩 5층]","","20150624","","제 140 호","20150625","","2012-08-02 07:42:43.0","2015-06-25 13:43:49.0","1","0","0","0","1","150850","1156013200","1156067000","1","401","8","신길동"
"PHMB520113180034042500003","3180000","신고","소독업","영업중","(주)에이지","서울특별시 영등포구 신길4동 235번지 파자상가 4층 507호","070-8746-3895","20110314","소재지 변경:신길로145 파자상가 4층507호 -> 영신로38길 15(영등포동6가 68-5) 경암빌딩 217호","소재지 변경","20140324","","제122호","20161128","","2011-03-14 17:50:08.0","2016-11-28 10:09:59.0","1","0","0","0","1","150845","1156013200","1156066000","1","235","","파자상가 4층 507호"
"PHMB520203180034042500005","3180000","신고","소독업","영업중","코로나소독협회","서울특별시 영등포구 대림동 688번지 12호","","20200330","변경 전: 코로나 방역 변경 후: 코로나소독협회","소독업소 명칭변경","20200331","","","20200401","","2020-03-30 13:17:21.0","2020-04-01 09:33:25.0","1","0","0","0","1","","1156013300","1156072000","1","688","12",""
"PHMB520163180034042500010","3180000","신고","소독업","영업중","스카다엔지니어링","","02-842-5525","20161208","소독업소개설신고 민원","감염병의 예방 및 관리에 관한 법률 제52조 및 같은 법 시행규칙 제37조제3항에 따라 보건지원과 민원접수번호 201631800340008167호를 처리함","20161208","","제186호","20161208","","2016-12-08 14:32:53.0","2016-12-08 14:35:07.0","1","0","0","0","1","","","","","","",""
"PHMB520133180034042500009","3180000","신고","소독업","영업중","버그벅스","서울특별시 영등포구 당산동6가 328번지 4호","","20130708","소재지 변경[(영등포로 69-1 → 당산로49길 14]","","20170315","","제152호","20170316","","2013-07-08 16:05:55.0","2017-03-16 08:41:46.0","1","0","0","0","1","","1156011600","1156056000","1","328","4",""
"PHMB520113180034042500006","3180000","신고","소독업","영업중","(주)진은종합개발","서울특별시 영등포구 당산동6가 339번지 3호 환희빌딩 3층","02-2631-3954~6","20110527","대표자변경 : 전명자->진인은전명자","","20160523","","제 125 호","20160524","","2011-05-30 10:17:06.0","2016-05-24 10:53:52.0","1","0","0","0","1","150810","1156011600","1156056000","1","339","3","환희빌딩 3층"
"PHMB520063180034042500002","3180000","신고","소독업","폐업","(주)대양비앤씨","","","20060608","보건지원과-21344호(20161128)에의거 직권폐업","보건지원과-21344호(20161128)에의거 직권폐업","","","제78호","20161129","20160610","2016-11-29 16:33:16.0","2016-11-29 16:33:16.0","1","0","0","0","1","","","","","","",""
"PHMB520163180034042500004","3180000","신고","소독업","영업중","서울영등포지역자활센터","","02-848-0600","20160729","소독업소개설신고 민원","감염병의 예방 및 관리에 관한 법률 제52조 및 같은 법 시행규칙 제37조제3항에 따라 보건지원과 민원접수번호 201631800340005095호를 처리함","20160729","","제180호","20160801","","2016-07-29 18:09:31.0","2016-08-01 11:14:28.0","1","0","0","0","1","","","","","","",""
"PHMB520043180034042500001","3180000","신고","소독업","영업중","(주)청솔이엔브이","서울특별시 영등포구 영등포동7가 94번지 369호","2637-2881","20040709","소재지 변경[영등포동7가 94-369 → 버드나루로 59 301호]","소재지 변경[영등포동7가 94-369 → 버드나루로 59 301호]","20170719","","제 66 호","20170720","","2009-10-14 10:32:55.0","2017-07-20 09:06:49.0","1","0","0","0","1","","1156010800","1156053500","1","94","369",""
"PHMB520193180034042500008","3180000","신고","소독업","영업중","(주)물과공기","서울특별시 영등포구 여의도동 12번지 5호","","20191203","소독업소개설신고 민원","감염병의 예방 및 관리에 관한 법률 제52조 및 같은 법 시행규칙 제37조제3항에 따라 보건지원과 민원접수번호 201931800340008028호를 처리함","20191203","","","20191204","","2019-12-04 17:55:06.0","2019-12-04 17:55:06.0","1","0","0","0","1","","1156011000","1156054000","1","12","5",""
"PHMB520133180034042500006","3180000","신고","소독업","영업중","(주)삼정맨파워","","02-798-7775","20130423","소재지 변경(당산로29길 5-1(당산동3가 삼일빌딩 7층)-> 선유로 146 1408호(양평동3가이앤씨드림타워)","소재지 변경(당산로29길 5-1(당산동3가 삼일빌딩 7층)-> 선유로 146 1408호(양평동3가이앤씨드림타워)","20140528","","제149호","20161128","","2013-04-23 18:36:29.0","2016-11-28 10:32:18.0","1","0","0","0","1","","","","","","",""
"PHMB519993180034042500005","3180000","신고","소독업","영업중","보흥실업(주)","","02-761-0633","19991025","소독업소 초기자료 등록","","19991025","","제14호","20161128","","2016-11-28 11:14:08.0","2016-11-28 11:14:08.0","1","0","0","0","1","","","","","","",""
"PHMB520073180034042500003","3180000","신고","소독업","영업중","(주)건은","","02-780-0558","20070309","소독업소 초기자료 등록","","20070309","","제81호","20161128","","2016-11-28 16:16:40.0","2016-11-28 16:16:40.0","1","0","0","0","1","","","","","","",""
"PHMB520153180034042500002","3180000","신고","소독업","폐업","(주)엔와이파트너스","","02-769-1024","20150202","","","","20160119","제 167 호","20160119","20160119","2015-02-02 18:20:59.0","2016-01-19 16:13:49.0","1","0","0","0","1","","","","","","",""
"PHMB519983180034042500001","3180000","신고","소독업","폐업","석대ENG(주)","서울특별시 영등포구 신길3동 329번지 35호","831-6566","19980918","대림동 881-1 에서 신길3동 329-35로 장소이전","장소이전","","","32","20151215","20151201","2011-01-25 15:00:52.0","2015-12-15 17:22:53.0","1","0","0","0","1","150848","1156013200","1156065000","1","329","35",""
"PHMB520143180034042500006","3180000","신고","소독업","폐업","태린이엔씨","","02-2068-8933","20140613","","","","20170801","제162호","20170801","20170801","2014-06-13 16:14:07.0","2017-08-01 18:05:58.0","1","0","0","0","1","","","","","","",""
"PHMB520063180034042500001","3180000","신고","소독업","영업중","성원방역공사","","02-835-8114","20060224","대표자 변경[이종철(600722) → 이태헌(600722)]","대표자 개명","20150324","","제 76 호","20150325","","2015-03-24 15:52:15.0","2015-03-25 09:43:28.0","1","0","0","0","1","","","","","","",""
"PHMB520103180034042500004","3180000","신고","소독업","폐업","샤론이엠에스(주)","서울특별시 영등포구 양평동3가 77번지 80호","","20100311","폐업","사업부진(자진폐업)","","20190603","23","20190603","20190603","2010-03-11 14:41:39.0","2019-06-03 13:38:11.0","1","0","0","0","1","150103","1156012700","1156062000","1","77","80",""
"PHMB520153180034042500005","3180000","신고","소독업","영업중","버그프리","","","20150407","소독업소개설신고 민원","감염병의 예방 및 관리에 관한 법률 제52조 및 같은 법 시행규칙 제37조제3항에 따라 보건지원과 민원접수번호 201531800340002083호를 처리함","20150407","","제 170 호","20150407","","2015-04-07 17:31:04.0","2015-04-07 17:32:12.0","1","0","0","0","1","","","","","","",""
"PHMB520113180034042500008","3180000","신고","소독업","","(주)푸른숲조경","서울특별시 영등포구 당산동3가 42번지 2층","02-2069-4455","20110916","소독업소개설신고 민원","감염병의 예방 및 관리에 관한 법률 제52조 및 같은 법 시행규칙 제37조제3항에 따라 보건지원과 민원접수번호 201131800340005597호를 처리함","20150430","","","20150501","","2011-09-16 17:01:53.0","2015-05-01 10:35:11.0","1","0","0","0","1","150803","1156011300","1156055000","1","42","","2층"
"PHMB520153180034042500004","3180000","신고","소독업","영업중","바퀴벌레 퇴치 라이크","서울특별시 영등포구 양평동2가 34번지 15호","1600-0696","20150226","명칭변경[LIKE(라이크) → 바퀴벌레 퇴치 라이크)]","","20150415","","제 169 호","20150416","","2015-02-26 18:14:27.0","2015-04-16 17:51:39.0","1","0","0","0","1","150102","1156012600","1156061000","1","34","15",""
"PHMB519993180034042500001","3180000","신고","소독업","영업중","(유)대주에이치알","서울특별시 영등포구 당산동2가 11번지 6호 2층","","19990303","대표자변경[최병찬(490416) -> 최병찬(490416) 외 1명]","","20150319","","제 5 2 호","20150319","","2011-03-22 09:18:48.0","2015-03-19 13:11:25.0","1","0","0","0","1","150042","1156011200","1156055000","1","11","6","2층"
"PHMB520153180034042500010","3180000","신고","소독업","폐업","(주)미래에이치알에스","서울특별시 영등포구 당산동6가 234번지 16호","3667-7490","20150807","폐업","영업부진","","20170306","제 175 호","20170306","20170306","2015-08-10 09:15:22.0","2017-03-06 14:49:13.0","1","0","0","0","1","","1156011600","1156056000","1","234","16",""
"PHMB520153180034042500001","3180000","신고","소독업","영업중","두레ENC","","833-0222","20150116","소독업소개설신고 민원","감염병의 예방 및 관리에 관한 법률 제52조 및 같은 법 시행규칙 제37조제3항에 따라 보건지원과 민원접수번호 201531800340000299호를 처리함","20150116","","제 166 호","20150119","","2015-01-16 17:34:14.0","2015-01-19 11:14:04.0","1","0","0","0","1","","","","","","",""
"PHMB520123180034042500005","3180000","신고","소독업","영업중","서천환경(주)","서울특별시 영등포구 신길7동 690번지 1층","485-5367","20120323","대표자 변경[어선미(641104-2) → 김문수(610423-1)]","","20150428","","제 134 호","20150428","","2012-03-26 09:13:36.0","2015-04-28 18:12:57.0","1","0","0","0","1","150854","1156013200","1156065000","1","690","","1층"
"PHMB520003180034042500002","3180000","신고","소독업","폐업","영보환경","","02-2675-6483","20001016","","건강상의 이유","","20150306","제 39 호","20150309","20150306","2015-03-06 18:05:50.0","2015-03-09 14:10:16.0","1","0","0","0","1","","","","","","",""
"PHMB520123180034042500011","3180000","신고","소독업","영업중","로취에이원","서울특별시 영등포구 당산동1가 9번지 1호 코오롱아파트 44~45호","02-884-1195","20120601","대표자변경[김미란(690226)→원용남(651122) 김미란(690226)]","","20160314","","제139호","20160314","","2012-06-01 17:41:31.0","2016-03-14 17:08:18.0","1","0","0","0","1","150800","1156011100","1156055000","1","9","1","코오롱아파트 44~45호"
"PHMB520083180034042500004","3180000","신고","소독업","영업중","비티엠써비스","서울특별시 영등포구 문래동3가 55번지 2호 에이스하이테크시티","02-3483-2000","20081209","공동대표로 변경 (기존) 박상앙 -> (변경) 박상앙 박규준","","20190111","","제 85 호","20190114","","2016-11-14 14:09:13.0","2019-01-14 09:12:00.0","1","0","0","0","1","","1156012100","1156060500","1","55","2","에이스하이테크시티"
"PHMB520203180034042500010","3180000","신고","소독업","영업중","리에이즈 서비스 주식회사","서울특별시 영등포구 당산동3가 552번지 3호 신일빌딩","02-6478-2100","20200401","변경 전: 리에이즈 주식회사 변경 후: 리에이즈 서비스 주식회사","상호변경","20200407","","","20200407","","2020-04-02 11:23:30.0","2020-04-07 16:05:55.0","1","0","0","0","1","","1156011300","1156055000","1","552","3","신일빌딩"
"PHMB520163180034042500006","3180000","신고","소독업","영업중","(주) 발렉스서비스","서울특별시 영등포구 여의도동 23번지 6호 한국휴렛팩커드빌딩","02-707-0680","20160824","<법인 소재지 변경> (기존)의사당대로 83(9층) → (변경)의사당대로 83(1213층)","법인 소재지 변경","20190409","","제182호","20190410","","2016-08-26 09:56:41.0","2019-04-10 09:40:26.0","1","0","0","0","1","","1156011000","1156054000","1","23","6","한국휴렛팩커드빌딩"
"PHMB520023180034042500004","3180000","신고","소독업","영업중","청수기업사","서울특별시 영등포구 신길동 219번지 5호","02-834-4173","20020417","소독업소 초기자료 등록","","20020417","","제47호","20161128","","2016-11-28 16:40:00.0","2016-11-28 16:40:00.0","1","0","0","0","1","","1156013200","1156051500","1","219","5",""
"PHMB520163180034042500003","3180000","신고","소독업","휴업","(주)인광지엔이","","","20160229","휴업신고(2016.08.01~2018.07.31)","사업부진","","","제179호","20160729","","2016-02-29 11:45:10.0","2016-07-29 18:09:17.0","1","0","0","0","1","","","","","","",""
"PHMB520193180034042500007","3180000","신고","소독업","영업중","전국기초생활수급자 복지중앙회","","1661-3239","20190918","소독업소개설신고 민원","감염병의 예방 및 관리에 관한 법률 제52조 및 같은 법 시행규칙 제37조제3항에 따라 보건지원과 민원접수번호 201931800340006137호를 처리함","20190918","","","20190919","","2019-09-19 12:58:59.0","2019-09-19 12:58:59.0","1","0","0","0","1","","","","","","",""
"PHMB520163180034042500001","3180000","신고","소독업","영업중","이수환경공사(주)","서울특별시 영등포구 당산동3가 558번지 3호 2층","02-3281-6463","20051122","소재지 변경[관악구 조원로58 2층 → 영등포구 선유동1로50 더파크365 204호]","","20160115","","제 177 호","20160118","","2013-12-27 14:21:25.0","2016-01-18 09:44:20.0","1","0","0","0","1","","1156011300","1156055000","1","558","3","2층"
"PHMB520143180034042500005","3180000","신고","소독업","영업중","(주)에스제이파워","서울특별시 영등포구 양평동1가 28번지 2호","02-2069-1012","20140610","소재지 변경[당산로24길 3 → 선유로24길 6]","","20160122","","제 161 호","20160123","","2014-06-10 14:01:55.0","2016-01-23 11:23:53.0","1","0","0","0","1","","1156012500","1156061000","1","28","2",""
"PHMB520173180034042500003","3180000","신고","소독업","영업중","에이젯클린(AZClean)","","","20170124","<상호명 변경> (기존) 쥐퇴치바퀴벌레퇴치해충방역업체에이젯클린 → (변경) 에이젯클린(AZClean)","상호명 변경","20191125","","제 190 호","20191126","","2017-01-25 10:08:37.0","2019-11-26 09:46:39.0","1","0","0","0","1","","","","","","",""
"PHMB520183180034042500005","3180000","신고","소독업","영업중","닥터버그","서울특별시 영등포구 당산동1가 9번지 1호 당산동코오롱주.상복합아파트","02-306-7959","20120808","대표자변경 [변경 전: 김형수 → 변경 후: 이종순]","대표자변경","20200114","","제200호","20200114","","2012-08-08 14:49:54.0","2020-01-14 18:08:10.0","1","0","0","0","1","","1156011100","1156055000","1","9","1","당산동코오롱주.상복합아파트"
"PHMB520093180034042500020","3180000","신고","소독업","폐업","(주)정인비티엠","서울특별시 영등포구 신길5동 449번지 37호","832-0095","20091230","","폐업","","","","20160719","20160607","2009-12-30 17:22:41.0","2016-07-19 10:43:45.0","1","0","0","0","1","150055","1156013200","1156067000","1","449","37",""
"PHMB520133180034042500013","3180000","신고","소독업","폐업","(사)환경사랑나눔회 희망세상제작단","","02-3667-3151","20131217","","","","20160729","","20160729","20160729","2013-12-17 11:16:28.0","2016-07-29 17:28:22.0","1","0","0","0","1","","","","","","",""
"PHMB520143180034042500009","3180000","신고","소독업","영업중","(주)엠피에스","","02-334-8811","20141028","법인내 대표자 변경[정해용(53.10.05) → 정해용(53.10.05) 이세훈(51.08.20.)]","대표자 변경","20170106","","제 165 호","20170106","","2014-10-29 09:14:21.0","2017-01-06 17:29:01.0","1","0","0","0","1","","","","","","",""
"PHMB520153180034042500011","3180000","신고","소독업","영업중","주식회사 성우서비스","서울특별시 영등포구 양평동1가 116번지 48호","02-3273-7030","20080121","상호변경 : 주식회사청방서비스->주식회사성우서비스","","20160527","","제 176 호","20160531","","2011-12-06 20:57:11.0","2016-05-31 09:49:51.0","1","0","0","0","1","","1156012500","1156061000","1","116","48",""
"PHMB520123180034042500009","3180000","신고","소독업","폐업","(주)삼오종합관리","서울특별시 영등포구 도림동 266번지 2호","02-835-3535","20120501","영업구분 수정 (영업중->폐업)","기재 오류","","20160706","198","20180221","20160706","2012-05-01 19:32:50.0","2018-02-21 16:14:58.0","1","0","0","0","1","150833","1156011800","1156058500","1","266","2",""
"PHMB520123180034042500001","3180000","신고","소독업","영업중","(주)올포원지엠","서울특별시 영등포구 영등포동7가 29번지 128호 2층","783-0081","20120105","소독업소개설신고 민원","감염병의 예방 및 관리에 관한 법률 제52조 및 같은 법 시행규칙 제37조제3항에 따라 보건지원과 민원접수번호 201131800340008100호를 처리함","20120105","","제131호","20161128","","2012-01-05 18:40:54.0","2016-11-28 10:11:57.0","1","0","0","0","1","150037","1156010800","1156053500","1","29","128","2층"
"PHMB520123180034042500015","3180000","신고","소독업","영업중","(주)비젼FMS코리아","서울특별시 영등포구 신길7동 829번지 2층","02-423-0341~2","20121112","소독업소개설신고 민원","감염병의 예방 및 관리에 관한 법률 제52조 및 같은 법 시행규칙 제37조제3항에 따라 보건지원과 민원접수번호 201231800340006896호를 처리함","20121112","","제143호","20161128","","2012-11-12 15:54:13.0","2016-11-28 10:14:19.0","1","0","0","0","1","150854","1156013200","1156069000","1","829","","2층"
"PHMB520123180034042500014","3180000","신고","소독업","영업중","(주)엑큐","서울특별시 영등포구 양평동3가 16번지 양평동우림 이 비지센타","02-578-6336","20121016","소재지 변경[(서울시 영등포구 양산로 107 501호) → (서울시 영등포구 양산로 43 1112호)]","업체 소재지 변경","20171114","","제142호","20171117","","2012-10-16 18:04:52.0","2017-11-17 18:15:20.0","1","0","0","0","1","","1156012700","1156061000","1","16","","양평동우림 이 비지센타"
"PHMB520133180034042500004","3180000","신고","소독업","영업중","SK방역테크","서울특별시 영등포구 영등포동7가 94번지 14호 우성빌딩 7층","02-2672-3735","20130314","소독업소개설신고 민원","감염병의 예방 및 관리에 관한 법률 제52조 및 같은 법 시행규칙 제37조제3항에 따라 보건지원과 민원접수번호 201331800340001478호를 처리함","20130314","","제147호","20161128","","2013-03-14 14:48:46.0","2016-11-28 10:31:35.0","1","0","0","0","1","150037","1156010800","1156053500","1","94","14","우성빌딩 7층"
"PHMB520133180034042500008","3180000","신고","소독업","영업중","굿모닝씨앤씨(주)","서울특별시 영등포구 양평동3가 46번지","02-2628-5780","20130612","소독업소개설신고 민원","감염병의 예방 및 관리에 관한 법률 제52조 및 같은 법 시행규칙 제37조제3항에 따라 보건지원과 민원접수번호 201331800340003713호를 처리함","20130612","","제151호","20161128","","2013-06-12 11:10:46.0","2016-11-28 10:39:02.0","1","0","0","0","1","150103","1156012700","1156061000","1","46","",""
"PHMB520133180034042500012","3180000","신고","소독업","영업중","(주)제로맨","서울특별시 영등포구 당산동6가 328번지 4호","02-1544-2650","20130808","","","20140416","","제155호","20161128","","2013-08-08 17:59:54.0","2016-11-28 10:43:53.0","1","0","0","0","1","150810","1156011600","1156056000","1","328","4",""
"PHMB519983180034042500002","3180000","신고","소독업","영업중","현풍개발(주)","","02-2672-5670","19980212","소독업소 초기자료 등록","","19980212","","제31호","20161128","","2016-11-28 11:38:22.0","2016-11-28 11:38:22.0","1","0","0","0","1","","","","","","",""
"PHMB520163180034042500008","3180000","신고","소독업","영업중","(주)우림맨테크","","02-2630-0936","20161122","소독업소개설신고 민원","감염병의 예방 및 관리에 관한 법률 제52조 및 같은 법 시행규칙 제37조제3항에 따라 보건지원과 민원접수번호 201631800340007819호를 처리함","20161122","","제184호","20161128","","2016-11-23 11:38:25.0","2016-11-28 14:35:16.0","1","0","0","0","1","","","","","","",""
"PHMB520023180034042500002","3180000","신고","소독업","영업중","(주)고암","","02-326-3011","20020305","소독업소 초기자료 등록","","20020305","","제46호","20161128","","2016-11-28 15:28:48.0","2016-11-28 15:28:48.0","1","0","0","0","1","","","","","","",""
"PHMB520173180034042500002","3180000","신고","소독업","영업중","주식회사 나음","서울특별시 영등포구 당산동6가 323번지","3454-1994","20170118","소독업소개설신고 민원","감염병의 예방 및 관리에 관한 법률 제52조 및 같은 법 시행규칙 제37조제3항에 따라 보건지원과 민원접수번호 201731800340000408호를 처리함","20170118","","제 189 호","20170119","","2017-01-18 18:22:07.0","2017-01-19 10:10:12.0","1","0","0","0","1","","1156011600","1156056000","1","323","",""
"PHMB520103180034042500005","3180000","신고","소독업","영업중","다이음(주)","서울특별시 영등포구 당산동6가 329번지 4호","","20100402","소독업소개설신고 민원","전염병예방법 시행규칙 제20조의2의 규정에 따라 보건지원과 민원접수번호 201031800340001848호를 처리함","20100402","","제113호","20161128","","2010-04-02 20:21:44.0","2016-11-28 10:05:00.0","1","0","0","0","1","150046","1156011600","1156056000","1","329","4",""
"PHMB520133180034042500003","3180000","신고","소독업","폐업","은혜","서울특별시 영등포구 대림3동 667번지 11호   201호","","20130121","폐업","","","20161122","","20161122","20161122","2013-01-22 19:15:10.0","2016-11-22 15:01:12.0","1","0","0","0","1","150812","1156013300","1156072000","1","667","11",""
"PHMB520103180034042500009","3180000","신고","소독업","영업중","(주)정다운 세상","서울특별시 영등포구 대림3동 605번지 31호","","20100712","소독업소개설신고 민원","전염병예방법 시행규칙 제20조의2의 규정에 따라 보건지원과 민원접수번호 201031800340004381호를 처리함","20100712","","제115호","20161128","","2010-07-12 13:32:02.0","2016-11-28 10:06:14.0","1","0","0","0","1","150073","1156013300","1156072000","1","605","31",""
"PHMB520103180034042500011","3180000","신고","소독업","영업중","(주)곰두리토탈서비스","서울특별시 영등포구 영등포동8가 92번지","02-2632-2021","20101007","소재지 변경(당산동5가 11-32 모자빌딩4층-> 영신로 220(영등포동8가 92번지) KnK디지털타워 412호 409호","사업장 이전","20131122","","제117호","20161128","","2010-10-11 11:28:37.0","2016-11-28 10:07:59.0","1","0","0","0","1","150038","1156010900","1156053500","1","92","",""
"PHMB520103180034042500014","3180000","신고","소독업","영업중","흥안실업(주)","서울특별시 영등포구 신길3동 225번지 30호","249-2591","20101224","소독업소개설신고 민원","전염병예방법 시행규칙 제20조의2의 규정에 따라 보건지원과 민원접수번호 201031800340008092호를 처리함","20101224","","제119호","20161128","","2010-12-24 16:56:58.0","2016-11-28 10:08:35.0","1","0","0","0","1","150846","1156013200","1156065000","1","225","30",""
"PHMB520113180034042500009","3180000","신고","소독업","영업중","주식회사 대건기업","서울특별시 영등포구 대림3동 778번지 42호 명진빌딩 5층","02-783-9111","20110929","상호변경(대건기업 -> 주식회사 대건기업)","상호변경","20111223","","제128호","20161128","","2011-09-29 19:56:33.0","2016-11-28 10:10:49.0","1","0","0","0","1","150816","1156013300","1156072000","1","778","42","명진빌딩 5층"
"PHMB520173180034042500001","3180000","신고","소독업","폐업","금정클린","","050-5553-1119","20170104","","","","20181231","제188호","20181231","20181231","2017-01-05 09:43:34.0","2018-12-31 13:05:09.0","1","0","0","0","1","","","","","","",""
"PHMB520173180034042500004","3180000","신고","소독업","영업중","엠알지케이 주식회사","서울특별시 영등포구 여의도동 53번지 1호","02-711-5000","20170410","소독업소개설신고 민원","감염병의 예방 및 관리에 관한 법률 제52조 및 같은 법 시행규칙 제37조제3항에 따라 보건지원과 민원접수번호 201731800340002325호를 처리함","20170410","","제191호","20170412","","2017-04-10 18:10:21.0","2017-04-12 10:21:21.0","1","0","0","0","1","","1156011000","1156054000","1","53","1",""
"PHMB520123180034042500006","3180000","신고","소독업","영업중","주식회사 승학","서울특별시 영등포구 당산동4가 94번지 1호","909-2906","20120404","소재지 변경[(영등포로 130 진로아파트상가동 208호 → 당산로36길 12 201동 상가 비 1-8호)]","소재지 변경","20170310","","제135호","20170310","","2012-04-04 16:41:51.0","2017-03-10 18:06:42.0","1","0","0","0","1","","1156011400","1156056000","1","94","1",""
"PHMB520153180034042500007","3180000","신고","소독업","폐업","이레피엔알","서울특별시 영등포구 당산동1가 115번지","070-4131-9090","20150515","","","","20170102","제 172 호","20170329","20170102","2015-05-15 14:29:01.0","2017-03-29 10:35:25.0","1","0","0","0","1","150800","1156011100","1156055000","1","115","",""
"PHMB520083180034042500003","3180000","신고","소독업","폐업","(주)디아코니아","서울특별시 영등포구 여의도동 14번지 32호 정원빌딩 308호","","20081128","대표자변경[김미경 -> 김상우]","대표자변경","","","제96호","20170216","20150701","2011-07-22 09:50:15.0","2017-02-16 17:52:27.0","1","0","0","0","1","150010","1156011000","1156054000","1","14","32","정원빌딩 308호"
"PHMB520123180034042500007","3180000","신고","소독업","폐업","(주)서비스엠","","1688-5360","20120416","폐업","","","20161122","","20161122","20160816","2012-04-16 17:20:26.0","2016-11-22 15:06:42.0","1","0","0","0","1","","","","","","",""
"PHMB520093180034042500010","3180000","신고","소독업","폐업","JS","서울특별시 영등포구 문래동1가 96번지 4호 (402호)","02)2677-1674","20090706","폐업","업종변경","","","103","20160929","20160929","2009-07-07 14:12:14.0","2016-09-29 13:22:17.0","1","0","0","0","1","150091","1156011900","1156060500","1","96","4","(402호)"
"PHMB520023180034042500003","3180000","신고","소독업","영업중","대성종합관리","","02-2631-5357","20020910","소독업소 초기자료 등록","","20020910","","제49호","20161128","","2016-11-28 16:08:31.0","2016-11-28 16:08:31.0","1","0","0","0","1","","","","","","",""
"PHMB520173180034042500008","3180000","신고","소독업","영업중","(주)그린온","서울특별시 영등포구 양평동3가 13번지","02-6010-7735","20120308","","","20170801","","제 195 호","20170802","","2012-03-09 10:32:38.0","2017-08-02 14:55:17.0","1","0","0","0","1","","1156012700","1156061000","1","13","",""
"PHMB520163180034042500005","3180000","신고","소독업","영업중","(주)고도시스템","서울특별시 영등포구 여의도동","2699-0855","20070503","소재지 변경[양천구 목동동로14길 1 → 영등포구 국회대로 750 1005호(금산빌딩)]","","20160812","","제181호","20160818","","2009-02-05 09:47:49.0","2016-08-18 16:05:04.0","1","0","0","0","1","","1156011000","1156054000","1","","",""
"PHMB520133180034042500007","3180000","신고","소독업","영업중","학교환경개선지원센터","서울특별시 영등포구 양평동4가 7번지 3호 영창빌딩","02-2635-7777","20130423","변경 전: 양평로12가길 9-1 변경 후: 선유로 231 영창빌딩 401호","소재지 변경","20200508","","제150호","20200508","","2013-04-23 18:38:34.0","2020-05-08 20:52:00.0","1","0","0","0","1","","1156012800","1156062000","1","7","3","영창빌딩"
"PHMB520173180034042500009","3180000","신고","소독업","영업중","세화 환경관리","","02-2676-1919","20170908","소독업소개설신고 민원","감염병의 예방 및 관리에 관한 법률 제52조 및 같은 법 시행규칙 제37조제3항에 따라 보건지원과 민원접수번호 201731800340006346호를 처리함","20170908","","제196호","20170908","","2017-09-08 16:42:50.0","2017-09-08 17:59:42.0","1","0","0","0","1","","","","","","",""
"PHMB520133180034042500005","3180000","신고","소독업","폐업","(주)대륙BTS","","02-834-4454","20130315","폐업","폐업","","20171031","제148호","20171031","20171031","2013-03-15 17:02:00.0","2017-10-31 15:11:00.0","1","0","0","0","1","","","","","","",""
"PHMB520203180034042500017","3180000","신고","소독업","영업중","케이에스테크(KS-TECH)","서울특별시 영등포구 신길동 2096번지","02-712-9551","20200526","소독업소개설신고 민원","감염병의 예방 및 관리에 관한 법률 제52조 및 같은 법 시행규칙 제37조제3항에 따라 보건지원과 민원접수번호 202031800340003378호를 처리함","20200526","","","20200526","","2020-05-26 13:00:57.0","2020-05-26 13:00:57.0","1","0","0","0","1","","1156013200","1156069000","1","2096","",""
"PHMB520143180034042500002","3180000","신고","소독업","폐업","시마&클린","","02-847-1970","20140318","소독업소개설신고 민원","감염병의 예방 및 관리에 관한 법률 제52조 및 같은 법 시행규칙 제37조제3항에 따라 보건지원과 민원접수번호 201431800340001564호를 처리함","","","제158호","20180103","20171229","2014-03-18 17:35:47.0","2018-01-03 15:53:28.0","1","0","0","0","1","","","","","","",""
"PHMB520203180034042500027","3180000","신고","소독업","영업중","서울청소체","서울특별시 영등포구 문래동4가 67 리버뷰 신안인스빌","","20200714","소독업소개설신고 민원","감염병의 예방 및 관리에 관한 법률 제52조 및 같은 법 시행규칙 제37조제3항에 따라 보건지원과 민원접수번호 202031800340004634호를 처리함","20200714","","","20200714","","2020-07-14 18:02:34.0","2020-07-14 18:02:34.0","1","0","0","0","1","","1156012200","1156060500","1","67","","리버뷰 신안인스빌"
"PHMB520173180034042500010","3180000","신고","소독업","폐업","홈앤아이 클린케어","서울특별시 영등포구 영등포동6가 68번지 5호 경암빌딩","02-774-5001","20171121","세무서 폐업","","","20171127","제 197 호","20171228","20171127","2017-11-22 09:00:02.0","2017-12-28 13:40:48.0","1","0","0","0","1","","1156010700","1156053500","1","68","5","경암빌딩"
"PHMB520133180034042500002","3180000","신고","소독업","영업중","은나노 매직크린","서울특별시 영등포구 신길동 4716번지 지하 1층","","20130121","공동대표자 한한식 이은정 -> 대표자 한한식","","20180504","","제145호","20180508","","2013-01-22 19:14:41.0","2018-05-08 13:46:42.0","1","0","0","0","1","150859","1156013200","","1","4716","","지하 1층"
"PHMB520203180034042500001","3180000","신고","소독업","영업중","풍성산업","서울특별시 영등포구 양평동2가 36번지 37호","","20130813","[소재지 변경] 변경 전: 인천광역시 계양구 하느재로19번길 8 변경 후: 서울시 영등포구 선유서로25길 18-1 지층1호","소재지 변경","20150122","","","20200212","","2013-08-13 11:23:39.0","2020-02-12 09:54:28.0","1","0","0","0","1","","1156012600","1156061000","1","36","37",""
"PHMB520163180034042500002","3180000","신고","소독업","영업중","(주)삼양인터내셔날","서울특별시 영등포구 당산동4가 80번지 보헌빌딩","02-6450-0510","20131029","대표자변경 변경 전: 차광중 → 변경 후: 하영봉","대표자변경","20200130","","제 178 호","20200130","","2013-10-29 10:36:15.0","2020-01-30 15:17:14.0","1","0","0","0","1","","1156011400","1156056000","1","80","","보헌빌딩"
"PHMB520133180034042500011","3180000","신고","소독업","폐업","에이티크리에이션(주)","","02-3141-4551","20130724","","","","20180322","제154호","20180322","20180322","2013-07-24 17:12:59.0","2018-03-22 17:01:16.0","1","0","0","0","1","","","","","","",""
"PHMB520183180034042500004","3180000","신고","소독업","영업중","엘림에스 주식회사","서울특별시 영등포구 양평동2가 35번지 6호","","20180322","소독업소개설신고 민원","감염병의 예방 및 관리에 관한 법률 제52조 및 같은 법 시행규칙 제37조제3항에 따라 보건지원과 민원접수번호 201831800340001739호를 처리함","20180322","","199","20180326","","2018-03-22 17:01:33.0","2018-03-26 17:32:30.0","1","0","0","0","1","150102","1156012600","","1","35","6",""
"PHMB520143180034042500001","3180000","신고","소독업","영업중","노바의료기","","02-2638-0005","20140122","노바의료기 소독센터 -> 노바의료기","노바의료기로 합병","20180510","","제 157 호","20180510","","2014-01-22 17:19:47.0","2018-05-10 18:10:55.0","1","0","0","0","1","","","","","","",""
"PHMB520153180034042500006","3180000","신고","소독업","영업중","승리체육산업(주)","서울특별시 영등포구 문래동5가 9 벽산디지털밸리","833-2355","20150514","변경 전: 경인로71길 70 벽산디지털밸리 602호 변경 후: 경인로71길 70 벽산디지털밸리 1804호","소재지 변경","20200630","","제 171 호","20200630","","2015-05-14 18:09:24.0","2020-06-30 15:41:41.0","1","0","0","0","1","","1156012300","1156060500","1","9","","벽산디지털밸리"
"PHMB520203180034042500023","3180000","신고","소독업","영업중","K나라방역크린","서울특별시 영등포구 대림동 672번지 7호","","20200618","변경 전: K나라 변경 후: K나라 방역크린","","20200630","","","20200630","","2020-06-23 10:31:18.0","2020-06-30 15:42:28.0","1","0","0","0","1","","1156013300","1156072000","1","672","7",""
"PHMB520203180034042500014","3180000","신고","소독업","영업중","(주) 거영피엠씨","서울특별시 영등포구 양평동2가 23 양평동벽산블루밍아파트","786-0195","20090617","변경 전: 선유서로21길 19 변경 후: 선유서로21길 15","소재지 변경","20200630","","제31호","20200630","","2009-06-22 20:17:57.0","2020-06-30 15:41:04.0","1","0","0","0","1","","1156012600","1156061000","1","23","","양평동벽산블루밍아파트"
"PHMB520123180034042500008","3180000","신고","소독업","폐업","(주)두레비즈","서울특별시 영등포구 여의도동 16번지 3호 산업은행본점 지하1층","02-787-7987","20120417","","","","","제137호","20181024","20181024","2012-04-17 11:47:21.0","2018-10-24 10:49:47.0","1","0","0","0","1","150973","1156011000","1156054000","1","16","3","산업은행본점 지하1층"
"PHMB520143180034042500003","3180000","신고","소독업","폐업","(주)금강종합관리","","02-2677-9333","20140319","","","","","제159호","20181024","20181024","2014-03-19 17:56:10.0","2018-10-24 10:52:58.0","1","0","0","0","1","","","","","","",""
"PHMB520113180034042500011","3180000","신고","소독업","영업중","(주)행복이 가득한 미래관리","서울특별시 영등포구 대림동 651번지 4호 방남빌딩 201호","02-852-6801","20111102","변경전: 영등포구 가마산로41길 17 1층 → 변경후: 영등포구 대림로44길 5 2층 1호","소재지 변경","20191001","","제130호","20191002","","2011-11-07 10:50:26.0","2019-10-02 17:43:54.0","1","0","0","0","1","","1156013300","1156072000","1","651","4","방남빌딩"
"PHMB520103180034042500003","3180000","신고","소독업","영업중","(주)민창개발","서울특별시 영등포구 영등포동1가 27번지 3호 금반석시티빌8차","525-2587","20100310","주소지 변경 (사무실 및 창고 구획여부 및 시설 적합여부 현장 확인 완료)","","20190111","","제112호","20190131","","2010-03-10 18:53:20.0","2019-01-31 14:45:01.0","1","0","0","0","1","","1156010200","1156053500","1","27","3","금반석시티빌8차"
"PHMB520023180034042500001","3180000","신고","소독업","영업중","(주)성진시스템즈","서울특별시 영등포구 당산동 121번지 155호 동우빌딩 4층","02-2679-6947","20021120","법인 대표자 변경 : 김성구 -> 김은정","법인 대표자 변경 : 김성구 -> 김은정","20161207","","제53호","20181001","","2012-08-20 09:12:48.0","2018-10-01 10:35:35.0","1","0","0","0","1","150040","1156011700","1156056000","1","121","155","동우빌딩 4층"
"PHMB520083180034042500001","3180000","신고","소독업","영업중","(주)크린코스","","2671-1573","20080520","<면적 변경> 기존 45㎡ -> 변경 31㎡","면적 축소","20190201","","제 94 호","20190201","","2009-08-20 20:54:43.0","2019-02-01 17:54:54.0","1","0","0","0","1","","","","","","",""
"PHMB520203180034042500011","3180000","신고","소독업","영업중","(사)국민안전교육연수원","서울특별시 영등포구 문래동3가 54번지 37호","02-2633-5595","20200428","소독업소개설신고 민원","감염병의 예방 및 관리에 관한 법률 제52조 및 같은 법 시행규칙 제37조제3항에 따라 보건지원과 민원접수번호 202031800340002767호를 처리함","20200428","","","20200428","","2020-04-28 18:35:49.0","2020-04-28 18:35:49.0","1","0","0","0","1","","1156012100","1156060500","1","54","37",""
"PHMB520183180034042500006","3180000","신고","소독업","영업중","승학에듀","서울특별시 영등포구 당산동4가 94번지 1호 당산2차삼성아파트","","20181030","소독업소개설신고 민원","감염병의 예방 및 관리에 관한 법률 제52조 및 같은 법 시행규칙 제37조제3항에 따라 보건지원과 민원접수번호 201831800340007188호를 처리함","20181030","","제201호","20181031","","2018-10-30 18:06:17.0","2018-10-31 11:00:32.0","1","0","0","0","1","","1156011400","1156056000","1","94","1","당산2차삼성아파트"
"PHMB520193180034042500002","3180000","신고","소독업","영업중","주식회사 에이지클린케어","","","20190201","소독업소개설신고 민원","감염병의 예방 및 관리에 관한 법률 제52조 및 같은 법 시행규칙 제37조제3항에 따라 보건지원과 민원접수번호 201931800340000703호를 처리함","20190201","","","20190207","","2019-02-07 09:34:23.0","2019-02-07 09:34:23.0","1","0","0","0","1","","","","","","",""
"PHMB520203180034042500022","3180000","신고","소독업","영업중","(주)금조산업","서울특별시 영등포구 여의도동 13번지 여의도파라곤","02-761-1138","20200609","소독업소개설신고 민원","감염병의 예방 및 관리에 관한 법률 제52조 및 같은 법 시행규칙 제37조제3항에 따라 보건지원과 민원접수번호 202031800340003670호를 처리함","20200609","","","20200609","","2020-06-09 12:27:31.0","2020-06-09 12:27:31.0","1","0","0","0","1","","1156011000","1156054000","1","13","","여의도파라곤"
"PHMB520193180034042500001","3180000","신고","소독업","영업중","에이원","서울특별시 영등포구 당산동6가 328번지 4호 우성빌딩","","20190201","소독업소개설신고 민원","감염병의 예방 및 관리에 관한 법률 제52조 및 같은 법 시행규칙 제37조제3항에 따라 보건지원과 민원접수번호 201931800340000711호를 처리함","20190201","","","20190207","","2019-02-07 09:32:29.0","2019-02-07 09:32:29.0","1","0","0","0","1","","1156011600","1156056000","1","328","4","우성빌딩"
"PHMB520173180034042500006","3180000","신고","소독업","영업중","태린이엔씨","서울특별시 영등포구 양평동2가 23번지","02-2068-8933","20170428","소독업소개설신고 민원","감염병의 예방 및 관리에 관한 법률 제52조 및 같은 법 시행규칙 제37조제3항에 따라 보건지원과 민원접수번호 201731800340002994호를 처리함","20170428","","제193호","20190207","","2017-05-02 10:42:07.0","2019-02-07 11:48:53.0","1","0","0","0","1","","1156012600","1156061000","1","23","",""
"PHMB520193180034042500003","3180000","신고","소독업","영업중","(주)유니피플","서울특별시 영등포구 당산동 121번지 73호 영등빌딩","02-2676-1730","20160725","소재지 변경 : 인천광역시 미추홀구 -> 서울특별시 영등포구","소재지 변경 : 인천광역시 미추홀구 -> 서울특별시 영등포구","20190208","","","20190208","","2016-07-26 11:16:58.0","2019-02-08 17:53:43.0","1","0","0","0","1","","1156011700","1156056000","1","121","73","영등빌딩"
"PHMB520203180034042500006","3180000","신고","소독업","영업중","주식회사 버그벅스","서울특별시 영등포구 당산동6가 328번지 4호 우성빌딩","02-1661-3592","20200330","변경 전: B05호 변경 후: B01호","소재지 변경","20200402","","","20200402","","2020-03-30 13:18:56.0","2020-04-02 11:25:01.0","1","0","0","0","1","","1156011600","1156056000","1","328","4","우성빌딩"
"PHMB520203180034042500007","3180000","신고","소독업","영업중","그린F5 영등포본부","서울특별시 영등포구 신길동 1351번지 3호 천록빌딩","02-844-1009","20200330","소독업소개설신고 민원","감염병의 예방 및 관리에 관한 법률 제52조 및 같은 법 시행규칙 제37조제3항에 따라 보건지원과 민원접수번호 202031800340002084호를 처리함","20200330","","","20200331","","2020-03-31 14:57:27.0","2020-03-31 14:57:27.0","1","0","0","0","1","","1156013200","1156069000","1","1351","3","천록빌딩"
"PHMB520203180034042500008","3180000","신고","소독업","영업중","영등포클린협동조합(자활기업)","서울특별시 영등포구 신길동 67번지 1호 신길동경남아파트","02-833-2119","20200330","소독업소개설신고 민원","감염병의 예방 및 관리에 관한 법률 제52조 및 같은 법 시행규칙 제37조제3항에 따라 보건지원과 민원접수번호 202031800340002085호를 처리함","20200330","","","20200331","","2020-03-31 14:59:34.0","2020-03-31 14:59:34.0","1","0","0","0","1","","1156013200","1156063000","1","67","1","신길동경남아파트"
"PHMB520203180034042500009","3180000","신고","소독업","영업중","더좋은세상","서울특별시 영등포구 대림동 683번지 21호","","20200331","소독업소개설신고 민원","감염병의 예방 및 관리에 관한 법률 제52조 및 같은 법 시행규칙 제37조제3항에 따라 보건지원과 민원접수번호 202031800340002100호를 처리함","20200331","","","20200401","","2020-04-01 09:31:27.0","2020-04-01 09:31:27.0","1","0","0","0","1","","1156013300","1156072000","1","683","21",""
"PHMB520203180034042500004","3180000","신고","소독업","영업중","주식회사 이에스엘에듀케이션","서울특별시 영등포구 당산동 121번지 59호 당산빌딩","02-2675-6633","20200323","소독업소개설신고 민원","감염병의 예방 및 관리에 관한 법률 제52조 및 같은 법 시행규칙 제37조제3항에 따라 보건지원과 민원접수번호 202031800340001782호를 처리함","20200323","","","20200324","","2020-03-23 16:57:01.0","2020-03-24 11:33:19.0","1","0","0","0","1","","1156011700","1156056000","1","121","59","당산빌딩"
"PHMB520203180034042500025","3180000","신고","소독업","영업중","에스클린","서울특별시 영등포구 당산동3가 395-25","","20200702","소독업소개설신고 민원","감염병의 예방 및 관리에 관한 법률 제52조 및 같은 법 시행규칙 제37조제3항에 따라 보건지원과 민원접수번호 202031800340004361호를 처리함","20200702","","","20200703","","2020-07-03 09:44:37.0","2020-07-03 09:44:37.0","1","0","0","0","1","","1156011300","1156055000","1","395","25",""
"PHMB520203180034042500015","3180000","신고","소독업","영업중","윌앤비전","서울특별시 영등포구 당산동4가 80번지 당산 SK V1 center","02-6943-8208","20200513","소독업소명칭","착오기재(월앤비전→윌앤비전","20200513","","","20200519","","2020-05-13 23:39:31.0","2020-05-19 10:14:47.0","1","0","0","0","1","","1156011400","1156056000","1","80","","당산 SK V1 center"
"PHMB520203180034042500013","3180000","신고","소독업","영업중","미성엠프로 주식회사","서울특별시 영등포구 당산동3가 260번지","02-3660-6806","20200504","소독업소개설신고 민원","감염병의 예방 및 관리에 관한 법률 제52조 및 같은 법 시행규칙 제37조제3항에 따라 보건지원과 민원접수번호 202031800340002886호를 처리함","20200504","","","20200504","","2020-05-04 18:25:52.0","2020-05-04 18:25:52.0","1","0","0","0","1","","1156011300","1156055000","1","260","",""
"PHMB520203180034042500012","3180000","신고","소독업","영업중","주식회사 미성지에스이","서울특별시 영등포구 당산동3가 260번지","02-3660-6806","20200504","소독업소개설신고 민원","감염병의 예방 및 관리에 관한 법률 제52조 및 같은 법 시행규칙 제37조제3항에 따라 보건지원과 민원접수번호 202031800340002914호를 처리함","20200504","","","20200504","","2020-05-04 18:24:41.0","2020-05-04 18:24:41.0","1","0","0","0","1","","1156011300","1156055000","1","260","",""
"PHMB520203180034042500019","3180000","신고","소독업","영업중","(주)삼정맨파워","서울특별시 영등포구 양평동1가 89번지 16호","02-798-7775","20130423","","","20200601","","제149호","20200601","","2013-04-23 18:36:29.0","2020-06-01 19:47:36.0","1","0","0","0","1","","1156012500","1156061000","1","89","16",""
"PHMB520203180034042500020","3180000","신고","소독업","영업중","주식회사 유민아이엔티","서울특별시 영등포구 영등포동 592번지 1호","070-4228-2536","20200601","소독업소개설신고 민원","감염병의 예방 및 관리에 관한 법률 제52조 및 같은 법 시행규칙 제37조제3항에 따라 보건지원과 민원접수번호 202031800340003531호를 처리함","20200601","","","20200601","","2020-06-01 19:48:17.0","2020-06-01 19:48:17.0","1","0","0","0","1","","1156010100","1156053500","1","592","1",""
"PHMB520203180034042500018","3180000","신고","소독업","영업중","(주)에스제이파워","서울특별시 영등포구 양평동1가 89번지 16호","02-2069-1012","20140610","","","20200601","","제 161 호","20200601","","2014-06-10 14:01:55.0","2020-06-01 19:48:39.0","1","0","0","0","1","","1156012500","1156061000","1","89","16",""
"PHMB520203180034042500016","3180000","신고","소독업","영업중","에이원에이","서울특별시 영등포구 당산동6가 328번지 4호 우성빌딩","","20200521","소독업소개설신고 민원","감염병의 예방 및 관리에 관한 법률 제52조 및 같은 법 시행규칙 제37조제3항에 따라 보건지원과 민원접수번호 202031800340003327호를 처리함","20200521","","","20200521","","2020-05-21 20:13:22.0","2020-05-21 20:13:22.0","1","0","0","0","1","","1156011600","1156056000","1","328","4","우성빌딩"
"PHMB520173180034042500005","3180000","신고","소독업","영업중","(주)고암에이스","","02-2631-3011","20170413","변경 전: 이용진 변경 후: 심재동","대표자변경","20200521","","제192호","20200521","","2017-04-14 09:38:24.0","2020-05-21 20:15:45.0","1","0","0","0","1","","","","","","",""
"PHMB520203180034042500028","3180000","신고","소독업","영업중","한국교육환경종사자협동조합","서울특별시 영등포구 대림동 700-3 대명빌딩","","20200716","소독업소개설신고 민원","감염병의 예방 및 관리에 관한 법률 제52조 및 같은 법 시행규칙 제37조제3항에 따라 보건지원과 민원접수번호 202031800340004708호를 처리함","20200716","","","20200716","","2020-07-16 18:44:58.0","2020-07-16 18:44:58.0","1","0","0","0","1","","1156013300","1156070000","1","700","3","대명빌딩"
"PHMB520203180034042500024","3180000","신고","소독업","영업중","신우산업관리(주)","서울특별시 영등포구 당산동4가 74-2 금강 펜테리움 IT타워 1101호","02-587-7691","20200626","소독업소개설신고 민원","감염병의 예방 및 관리에 관한 법률 제52조 및 같은 법 시행규칙 제37조제3항에 따라 보건지원과 민원접수번호 202031800340004150호를 처리함","20200626","","","20200626","","2020-06-26 14:33:01.0","2020-06-26 14:33:01.0","1","0","0","0","1","","1156011400","1156056000","1","74","2","금강 펜테리움 IT타워"