업소명,운영상태코드,주소,전화번호,지역
"㈜상상캔버스","영업중","","02-3446-3301",강남구
"(주)다대오서비스","영업중","서울특별시 강남구 수서동 712번지 한아름종합상가 205호","445-0493",강남구
"(주)한켐","영업중","서울특별시 강남구 삼성동 109번지 5호","",강남구
"(주)리빙크린","폐업","서울특별시 강남구 신사동","",강남구
"원미환경","폐업","서울특별시 강남구 역삼동 832번지 33호 822호","566-9823",강남구
"㈜사람코퍼레이션","영업중","서울특별시 강남구 청담동 131번지 13호","02-517-2550",강남구
"(주)팜클","영업중","서울특별시 강남구 개포2동 163번지 5호","02-470-3826",강남구
"(주)한국경호협회","폐업","서울특별시 강남구 청담동 109번지 19호 13통 1반 기린빌라 가동 102호","02-514-8112",강남구
"(주)인스케어코어","영업중","서울특별시 강남구 청담동 119번지 9호","02-486-3657",강남구
"주식회사 대원 비티에스","폐업","서울특별시 강남구 청담동 129번지 11호 세신빌딩 지하 2층","02-512-7976",강남구
"(주)청열","영업중","서울특별시 강남구 논현동 68번지 8호","3444-0231",강남구
"신한환경","폐업","서울특별시 강남구 개포동 1196번지 1호","02-578-7804/5",강남구
"(주)맑은크린","직권폐업","서울특별시 강남구 역삼동 739번지 5호 501호","02-576-0034",강남구
"(주)그린온","영업중","서울특별시 강남구 도곡동 425번지 7호 연산MS빌딩 402호","02-6010-7735",강남구
"강남클린방역","영업중","서울특별시 강남구 도곡동 456번지 12호 하우스라움","2226-0339",강남구
"에이엠영보(주)","영업중","서울특별시 강남구 대치동 945번지 22호","",강남구
"(주)엠택컨설팅","폐업","서울특별시 강남구 삼성동 141번지","02-6011-1583",강남구
"그린F5 강남점","직권폐업","서울특별시 강남구 역삼동 721번지 34호","02-556-6565",강남구
"사단법인 나누리 방역","폐업","서울특별시 강남구 수서동 721번지","02-451-5004",강남구
"(주)캡스텍","영업중","서울특별시 강남구 삼성1동 108번지 14호","02)510-8512",강남구
"(주)크린파워","폐업","서울특별시 강남구 도곡동 948번지 10호 1층","2058-1235",강남구
"에스디서비스코리아 주식회사","영업중","서울특별시 강남구 역삼동 721번지 39호 행남자기","070-4232-7727",강남구
"그린F5 강남영업본부","영업중","서울특별시 강남구 신사동 511번지 9호","",강남구
"(주)정다운세상","영업중","서울특별시 강남구 청담동 132번지 19호","070-4699-0251",강남구
"주식회사 세이클","영업중","서울특별시 강남구 신사동 638번지 9호","",강남구
"(주)대성비엠에스","영업중","서울특별시 강남구 청담동 12번지 18호 B2호","",강남구
"(주)해상","영업중","서울특별시 강남구 대치동 1002번지 B6층","1577-7453",강남구
"(주)보영씨앤피","영업중","서울특별시 강남구 삼성동 118번지 3호 호경타워","02-353-6601",강남구
"㈜유안에이치알","영업중","서울특별시 강남구 논현동 235-13 KTS빌딩","02-425-0206",강남구
"(주)한얼관리","영업중","서울특별시 강남구 일원동 666번지 3호","02-445-0291",강남구
"주식회사 프로에스콤","영업중","서울특별시 강남구 역삼동 707번지 34호 한신인터밸리24빌딩","02-2183-3000",강남구
"위코스생명과학 주식회사","영업중","서울특별시 강남구 역삼동 702번지 2호","02-556-9887",강남구
"주식회사 드웰링","영업중","서울특별시 강남구 역삼동 751번지 16호 418호","02-558-1120",강남구
"(주)밝은환경","영업중","서울특별시 강남구 도곡동 457번지 4호","02-558-5161",강남구
"광성개발","폐업","서울특별시 강남구 도곡1동 934-10 우성상가 지하12호","552-8632",강남구
"에버그린월드 주식회사","영업중","서울특별시 강남구 개포동 1186번지 2호","02-574-6389",강남구
"베어하우징","영업중","서울특별시 강남구 대치동 989번지 1호","",강남구
"(주)IBS인더스트리","영업중","서울특별시 강남구 역삼동 662번지 17호 송헌빌딩","2231-8981",강남구
"평화환경","영업중","서울특별시 강남구 도곡동 895번지 12호","",강남구
"주식회사 휴먼헤드","영업중","서울특별시 강남구 삼성동 8번지 1호 건설빌딩","",강남구
"원방기업(주)","영업중","서울특별시 강남구 논현동 215번지 7호","548-2814",강남구
"㈜우송관리","영업중","서울특별시 강남구 개포동 1191번지 4호 지수빌딩","02-2058-1962",강남구
"지앤브이 사회적협동조합","폐업","서울특별시 강남구 개포동 1231번지 2호 3층","02-418-7741",강남구
"(주)우방환경","영업중","서울특별시 강남구 일원동 625번지 21호 B-1","",강남구
"(주)제임파트너스","폐업","서울특별시 강남구 삼성동 157번지 10호 유림빌딩 10층","02-568-2380",강남구
"(주)동명엔터프라이즈","영업중","서울특별시 강남구  839번지 11호 동명빌딩 지층 2층","",강남구
"㈜디오컴퍼니","영업중","서울특별시 강남구 논현동 201번지 4호 호텔 더 디자이너스 리즈 강남 프리미어","02-2273-1755",강남구
"(주)남촌개발","폐업","","552-9017",강남구
"동아환경개발(주)","폐업","서울특별시 강남구 일원1동 363번지 13호 지하1층","2216-4534",강남구
"광성개발","영업중","서울특별시 강남구 도곡동 934번지 10호","02-552-8632",강남구
"(주)메인트넌스원","영업중","서울특별시 강남구 역삼2동 788번지 16호 원경빌딩1층","02-557-7070",강남구
"(주)예손","폐업","서울특별시 강남구 청담동 26번지 35호 지층 102호","1599-4333",강남구
"동인안전(주)","폐업","서울특별시 강남구 신사동 514번지 7호","",강남구
"(주)티엔엘넷플러스","영업중","서울특별시 강남구 역삼동 635번지 6호 태리빌딩 3층","",강남구
"(주)아이앤씨엠","폐업","서울특별시 강남구 역삼1동 823번지 42호 그랑프리빌딩 9층","02-537-7900",강남구
"㈜엔마스타","영업중","서울특별시 강남구 개포동 163번지 5호","",강남구
"사회복지법인 위훈용사복지회","영업중","서울특별시 강남구 개포동 1244번지 14호 두리빌딩 2층","02)575-5267",강남구
"더 마이티","영업중","서울특별시 강남구 삼성동 145번지 18호 빌딩엠","02-564-6200",강남구
"(주)에스텍시스템","영업중","서울특별시 강남구 개포동 14번지 4호","02)2142-8327",강남구
"케이엔자산관리(주)","영업중","서울특별시 강남구 수서동 724번지 로즈데일오피스텔 1607호","3411-8817",강남구
"에이치디씨아이서비스(주)","영업중","서울특별시 강남구 삼성1동 160번지 28호 아이파크타워 2","02-2008-8555",강남구
"크린파크","영업중","서울특별시 강남구 역삼동 708번지 30호 송경빌딩","",강남구
"새집연구소","영업중","서울특별시 강남구 개포동 186번지 15호 소망빌딩","",강남구
"(주)천광환경","영업중","서울특별시 강남구 개포동 1230번지 9호","556-0448",강남구
"(주)오뚜기토탈시스템","영업중","서울특별시 강남구 삼성동 116번지 24호","546-9409",강남구
"삼우방역(주)","","서울특별시 강남구 도곡동 458번지 10호","567-9193",강남구
"나라개발시스템(주)","영업중","서울특별시 강남구 도곡동 517번지 2호","02-3461-8687",강남구
"(주)오케이시스템","영업중","서울특별시 강남구 역삼동 776번지 24호 2층","02-3473-2754",강남구
"에스더블유엠 주식회사","영업중","서울특별시 강남구 대치동 943번지 19호","02-539-1147",강남구
"스타클린컴퍼니","영업중","서울특별시 강남구 일원1동 642번지 3호 지하1층","02-451-5128",강남구
"에스티엘(주)","영업중","서울특별시 강남구 대치2동 949번지","2015-0867",강남구
"㈜알트탭컴퍼니","영업중","서울특별시 강남구 삼성동 140번지 39호","",강남구
"더크린","영업중","","",강남구
"노벨리츠","영업중","서울특별시 강남구 대치4동 891번지 44호 노벨빌딩 9층","02-2189-6331",강남구
"허큘리스","영업중","서울특별시 강남구 도곡동 951번지 12호","02-571-7255",강남구
"(주)수영비엠씨","직권폐업","서울특별시 강남구 개포1동 660번지 12호","576-1515",강남구
"리더스리빙","","서울특별시 강남구 삼성동 64번지 1호 지하1층","",강남구
"(주)광성환경방제","영업중","서울특별시 강남구 도곡동 422번지 1호 경보빌딩 지하 102호","02-573-0028",강남구
"(주)미스터이글스","폐업","","02-6245-3399",강남구
"㈜와스알이엠","영업중","서울특별시 강남구 역삼동 718번지 34호","02-825-9511",강남구
"(주)신한씨앤비","영업중","서울특별시 강남구 개포동 1196번지 1호 203호","02-578-4566/7",강남구
"강남지역자활센터 피플크린","영업중","서울특별시 강남구 대치동 78번지 24호 2층","070-4607-3725",강남구
"에이치 디에스 피엔시","폐업","서울특별시 강남구 삼성동 118번지 8호 호일빌딩 201호","818-5777",강남구
"퍼어스","폐업","서울특별시 강남구 개포4동 1218번지 5호 B2호","02-572-7966",강남구
"(주)가화산업관리","영업중","","02)3412-5400",강남구
"티엔에스개발(주)","영업중","서울특별시 강남구 역삼동 642번지 1호","02-3453-8301",강남구
"(주)에이치피앤씨","폐업","서울특별시 강남구 대치1동 967번지 7호","02-553-7895",강남구
"성지알에스알","영업중","서울특별시 강남구 역삼동 603번지 3호","",강남구
"(주)에스텍에이스","영업중","서울특별시 강남구 논현동 105번지","02-2051-2972",강남구
"아름다운 주택관리","영업중","서울특별시 강남구 개포4동 1172번지 11호 101호","02-562-7482",강남구
"(주)나무앤텍","폐업","서울특별시 강남구 역삼2동 729번지 38호  청호빌딩 4층","",강남구
"(주)오케이맨","영업중","","",강남구
"한국위생공사","영업중","서울특별시 강남구 세곡동 375번지 2호","2202-4903",강남구
"강남크린빙","영업중","서울특별시 강남구 일원동 642번지 5호","",강남구
"서진환경","영업중","서울특별시 강남구 역삼동 728번지 3호 B01호","02-508-1665",강남구
"(주)지티엠웍스","폐업","서울특별시 강남구 세곡동 433번지 2호","02-521-8050",강남구
"페이토(주)","영업중","서울특별시 강남구 도곡동 553번지 1호","02-2002-7899",강남구
"(주)케이에스디","폐업","서울특별시 강남구 개포4동 1218-24번지 2-2호","",강남구
"코비","폐업","서울특별시 강남구 논현1동 3번지 15호 평화빌딩 1층","514-5424",강남구
"자활기업 한우리환경","영업중","서울특별시 강남구 개포동 14번지 1호 대청프라자","02-445-1801",강남구
"(주)백산티엠","영업중","서울특별시 강남구 도곡동 517번지 2호","02-571-3454",강남구
"(주)한미기술","영업중","서울특별시 강남구 논현동 238번지 14호","02-548-3888",강남구
"(주)더블유에프텍","영업중","서울특별시 강남구 수서동 734번지","02-418-0012",강남구
"(주)비에프디","직권폐업","서울특별시 강남구 도곡동 84번지 5호 2층 1호","02-2042-7501",강남구
"주식회사 영구크린","폐업","서울특별시 강남구 삼성2동 143번지 37호   301호","02-6925-4909",강남구
"애니크린","영업중","서울특별시 강남구 논현2동 118번지 16호","",강남구
"코비컴퍼니(주)","영업중","서울특별시 강남구 논현동 3번지 15호","02-514-5424",강남구
"(주)빅스톤","영업중","서울특별시 강남구 청담동 87번지 11호","482-5461",강남구
"(주)리더스리빙","영업중","서울특별시 강남구 대치동 942번지 19호","02)517-2470",강남구
"(주)에스코리아","영업중","서울특별시 강남구 역삼2동 707번지 테헤란오피스빌딩 202호","558-7841",강남구
"디더블유개발㈜","폐업","서울특별시 강남구 역삼동 823번지 24호","070-5014-0221",강남구
"(주)엠서비스","영업중","서울특별시 강남구 역삼동 708번지 32호 14층","02-554-5801",강남구
"원방기업(주)","폐업","서울특별시 강남구 대치동 503번지 30통 4반 개포1차우성아파트 5동 301호","02-548-2814",강남구
"(주)미래에이비엠","영업중","서울특별시 강남구 청담동 132번지 19호 정화빌딩 603호","02-547-2975",강남구
"(주)동명엔터프라이즈","영업중","서울특별시 강남구 역삼동 831번지 11호","2188-8761",강남구
"(주)지에스비","폐업","서울특별시 강남구 역삼동 639번지 16호 1통 3반 301호","1644-7030",강남구
"(주)석촌에스지","","서울특별시 강남구 대치4동 895번지 9호 경성빌딩 3층","02-563-0075",강남구
"동인안전(주)","영업중","","02)3443-3161",강남구
"제이그린","폐업","서울특별시 강남구 대치4동 900번지 56호 301호","5678307",강남구
"(주)산웅개발","영업중","서울특별시 강남구 삼성1동 163번지 3호","02-550-8377",강남구
"㈜더퍼스트이앤씨","영업중","서울특별시 강남구 청담동 1번지 2호 청담퍼스트타워","02-3443-8887",강남구
"(주)베스트키퍼스","영업중","서울특별시 강남구 논현동 81번지 8호","02-3448-2313",강남구
"(주)관우개발","영업중","서울특별시 강남구 대치동 966번지 4호","",강남구
"(주)동우유니온","영업중","서울특별시 강남구 신사동 600번지 5호","",강남구
"(주)신진에프엠","영업중","서울특별시 강남구 개포동 1183번지 15호","",강남구
"","신규","서울특별시 강남구 삼성동 109번지 5호","",강남구
"미래환경","영업중","서울특별시 강남구 개포동 1204번지 3호","",강남구
"해송기업","폐업","서울특별시 강남구 역삼1동 708번지 20호 금정빌딩 907호","1577-7453",강남구
"해송기업","폐업","서울특별시 강남구 청담동 19번지 23호 36통 3반 101호","34044161",강남구
"강남클린방역","영업중","서울특별시 강남구 개포동 1188번지 5호 지층","02-2226-0339",강남구
"태성BMC","폐업","서울특별시 강남구 압구정1동 415번지 미성상가 412호","",강남구
"(주)천우P&G","폐업","서울특별시 강남구 역삼1동 699-10 지하101호","494-9846",강남구
"(주)초록도시","폐업","서울특별시 강남구 도곡1동 942번지 11호 오성빌딩 2층","",강남구
"(주) 거화시스템","폐업","서울특별시 강남구 삼성2동 38번지 29호 한어빌딩 302호","",강남구
"(주)세루넷코리아","폐업","서울특별시 강남구 역삼1동 707번지 38호 테헤란오피스 빌딩 202 203호","2558-7841",강남구
"(주)다림엔지니어링","폐업","서울특별시 강남구 신사동 666번지 4호 6층","2088-5062",강남구
"(주)월드와이드써비스코리아","폐업","서울특별시 강남구 대치동 947번지 7호 삼탄빌딩 지하1층","555-8001",강남구
"(주)월드와이드써비스코리아","영업중","서울특별시 강남구 대치동 947번지 7호 삼탄빌딩 지하1층","555-8001",강남구
"(주)원일개발","영업중","서울특별시 강남구 논현동 209번지 9호","",강남구
"㈜가치에스엔티","폐업","서울특별시 강남구 논현동 5번지 10호 301호","02-546-6753",강남구
"(주)클린씨","영업중","서울특별시 강남구 개포동 1216번지","02-575-1844",강남구
"센트온 서울지점","영업중","서울특별시 강남구 역삼동 834번지 67호","02-588-0252",강남구
"스파이더 컴퍼니","폐업","서울특별시 강남구 역삼동 607번지 2호 페이시스빌딩","",강남구
"㈜신화미화시스템","영업중","서울특별시 강남구 삼성동 79번지 홍실아파트","02-2065-9091",강남구
"스마트방역","영업중","","",강남구
"터미닉스코리아(주)","영업중","서울특별시 강남구 역삼동 789번지 2호","553-5200",강남구
"(주)해솔네트웍스","영업중","서울특별시 강남구 역삼동 770번지 11호 세명빌딩","02)3471-6003",강남구
"(주)그린채트","영업중","","",강남구
"아이토스","영업중","서울특별시 강남구 개포동 1223번지 1호","",강남구
"대광시스템","폐업","서울특별시 강남구 개포4동 1186번지 2호","",강남구
"진산환경개발","영업중","서울특별시 강남구 삼성동 109번지 7호","02-538-3938",강남구
"효성에프엠씨(주)","직권폐업","서울특별시 강남구 대치4동 890번지 32호 현민타워 2층","552-0062",강남구
"(주)엑스뻬제","영업중","서울특별시 강남구 역삼동 701번지 1호 역삼 아르누보씨티","031-711-5228",강남구
"바이오 시큐리티","영업중","서울특별시 강남구 역삼동 708번지 동우빌딩","",강남구
"㈜메가젠임플란트","영업중","서울특별시 강남구 논현동 268번지 15호 삼공빌딩","",강남구
"푸른크린","영업중","서울특별시 강남구 개포동 1181번지 9호","",강남구
"주식회사 에이디티캡스","영업중","서울특별시 강남구 삼성동 108번지 9호 ADT캡스 제1빌딩","02-6310-4480",강남구
"에스디랩코리아(주)","영업중","서울특별시 강남구 신사동 590번지 16호","02-515-9789",강남구
"주식회사 가온에이치알","직권폐업","서울특별시 강남구 역삼동 697번지 54호 508호","02-558-1535",강남구
"주식회사 크린올","영업중","서울특별시 강남구 논현동 241번지 3호 에스케이 허브블루","1811-9311",강남구
"주식회사 플랫포머스","영업중","서울특별시 강남구 역삼동 720번지 19호 삼봉빌딩","02-2188-6846",강남구
"㈜새담","영업중","서울특별시 강남구 역삼동 809번지 비제바노","02-6953-8152",강남구
"YK","영업중","서울특별시 강남구 역삼동 742번지 17호","",강남구
"주식회사 엠비에스파트너스","영업중","서울특별시 강남구 역삼동 826번지 36호 신소애빌딩","02-740-3951",강남구
"㈜팀설악","영업중","서울특별시 강남구 역삼동 704번지 47호","02-6426-0112",강남구
"시큐어메인티넌스","영업중","","",강남구
"관촌실업㈜","영업중","서울특별시 강남구 일원동 624번지 3호 청정빌딩","",강남구
"아토즈방역","영업중","서울특별시 강남구 대치동 896번지 27호","",강남구
"㈜씨비엔지","영업중","","02-2135-1330",강남구
"오늘도 맑음","영업중","서울특별시 강남구 논현동 122-8 동화상가","",강남구
"주식회사 맥서브(Maxerve.Co.Ltd.)","영업중","서울특별시 강남구 대치동 944번지 30호 10층","02-2015-0867",강남구
"(주)장충크린환경","영업중","","02-2236-2203",강남구
"라이프테크","영업중","서울특별시 강남구 역삼동 749번지 22호","1877-8790",강남구
"자연과방제","영업중","서울특별시 강남구 역삼동 828-22","",강남구
"㈜올바른환경","영업중","서울특별시 강남구 삼성동 116-15 201호","",강남구
"(주)대청씨앤에스","영업중","서울특별시 강남구 일원동 711번지 1호 수서1단지아파트 상가","3412-6336",강남구
"에이비프로 주식회사","영업중","서울특별시 광진구 광장동 219번지 44호","070-8627-7685",광진구
"경수기업사","영업중","서울특별시 광진구 중곡동 199번지 1호 2층","419-8119",광진구
"선우개발","영업중","서울특별시 광진구 구의동 225-67","02-6307-5442",광진구
"(주)파라다이스환경","영업중","서울특별시 광진구 자양동 203번지 12호 (지층)","",광진구
"(주)제일크린","영업중","서울특별시 광진구 자양동 634번지 36호 2층","3437-1683",광진구
"풀잎환경","영업중","서울특별시 광진구 중곡동 631번지 1호","02-434-5355",광진구
"(주)내이드디앤씨","영업중","","02-462-6280",광진구
"(주)씨토스템","영업중","","024645776",광진구
"힐스(HEALS)","영업중","서울특별시 광진구 자양동 672번지 17호","2201-3110",광진구
"호성안전(주)","영업중","서울특별시 광진구 자양동 652번지 3호","796-9490",광진구
"서울광진지역자활센터","영업중","서울특별시 광진구 자양동 772번지 17호","02-499-8373",광진구
"(주)한국경비","폐업","서울특별시 광진구 자양동 553번지 20호 자양빌딩 3층","02-733-4761",광진구
"주식회사 케이케어","직권폐업","서울특별시 광진구 광장동 331번지 3호 4층","1661-7731",광진구
"태진자산관리(주)","영업중","서울특별시 광진구 구의동 218번지 6호 지층","458-7517",광진구
"(주)클린클리닉","영업중","서울특별시 광진구 자양동 24번지 11호","02-804-7200",광진구
"주식회사 에스탑","영업중","서울특별시 광진구 구의동 546번지 4호 테크노-마트21","02-2111-1272~3",광진구
"자바드림","영업중","서울특별시 광진구 구의동 596번지 1호","",광진구
"만국환경","영업중","서울특별시 광진구 중곡동 197번지 4호 1층","",광진구
"(주)진도프로인","영업중","","02-439-5526",광진구
"(주)초록우산 하우스크리닝","영업중","","1688-0133",광진구
"그린환경","영업중","서울특별시 광진구 중곡동 190번지 27호","",광진구
"주식회사 좋은이웃닷컴","영업중","서울특별시 광진구 자양동 586번지 22호 3층","",광진구
"럭키시스템(주)","영업중","서울특별시 광진구 구의동 246번지 14호 크레신타워3차 11층 1116호","461-2201",광진구
"참좋은환경","영업중","","",광진구
"정립장애인보호작업장","영업중","","02- 454- 5505",광진구
"한국환경정화(주)","영업중","서울특별시 광진구 구의동 242번지 8호","3437-6595",광진구
"유토피아","폐업","서울특별시 광진구 중곡동 230번지 13호 1층","02-491-5806",광진구
"(주)제이디원","폐업","서울특별시 광진구 자양동 222번지 7호 3층","453-6300",광진구
"장수종합관리","영업중","서울특별시 광진구 군자동 159번지 4호","",광진구
"서울방역공사","폐업","서울특별시 광진구 능동 246번지 5호 두성빌딩","02-452-2511",광진구
"주식회사 청소중대장","영업중","","02-1566-6415",광진구
"(주)에이블에스","폐업","","070-4272-8201",광진구
"(주)올크린토탈서비스","영업중","서울특별시 광진구 자양동 246번지 139호 지하1층","02-468-2317",광진구
"(주)시에스씨","영업중","","02-453-7222",광진구
"(주)예스코서비스광진점","폐업","서울특별시 광진구 자양동 794번지 9호 1층","3390-3001",광진구
"(주)휴먼텍서비스","영업중","서울특별시 광진구 자양동 606번지 38호","070-8888-9511",광진구
"버그킬","영업중","서울특별시 광진구 군자동 228번지","",광진구
"크린방역","영업중","","",광진구
"크린대장","영업중","","1899-2979",광진구
"(주)더블루피엠씨","영업중","","024444600",광진구
"미소방역","폐업","서울특별시 광진구 광장동 258번지 19호","02-432-4792",광진구
"성지토탈서비스(주)","영업중","서울특별시 광진구 자양1동 610번지 3호","",광진구
"대성환경","영업중","서울특별시 광진구 중곡동 118번지 34호 1층","479-3664",광진구
"(주)림피오","폐업","서울특별시 광진구 중곡동 340번지 33호","02-444-7477",광진구
"(주)휴먼에코랩","영업중","서울특별시 광진구 구의동 546번지 4호 테크노-마트21 19동 1호","1599-2582",광진구
"자연주의","폐업","","454-5045",광진구
"서울방역공사","폐업","서울특별시 광진구 능동 247번지 16호 삼화빌딩 305호","452-2511",광진구
"에프파이브(F5) 성동점","폐업","서울특별시 광진구 자양동 683번지 8호 101호","",광진구
"타임투크린","영업중","","02-518-8253",광진구
"전국청소협동조합","영업중","","02-939-7777",광진구
"에스이엠서비스(주)","영업중","서울특별시 광진구 구의동 546번지 4호 테크노-마트21 사무동 18층 11호","02-3424-5831",광진구
"(주)크린매직","영업중","","02-434-8800",광진구
"(주)서울방역공사","영업중","","024522511",광진구
"(주)휴인서비스","영업중","서울특별시 광진구 광장동 145번지 8호 한수상가 1층 2호 28호 32호","",광진구
"대한민국재향군인회","영업중","서울특별시 광진구 자양동 680번지 24호 태림빌딩","417-1022",광진구
"(주)지케이티 글로벌","영업중","","02-452-1576",광진구
"세이브 프롬 코로나","영업중","","",광진구
"대한크린방역","영업중","","",광진구
"(주)세스코 서울동남지사","영업중","서울특별시 광진구 구의동 593번지 15호 성진프라자 7층","02-3437-8640",광진구
"주식회사 현운서비스","영업중","서울특별시 광진구 중곡동 647-18","02-499-8440",광진구
"베테랑 크린하우스","영업중","서울특별시 광진구 중곡동 74번지 74호 102호","1661-7517",광진구
"(주)유쓰컴퍼니","영업중","서울특별시 광진구 구의동 252번지 14호 성지하이츠 1005호","070-8286-1556",광진구
"(주)명우종합관리","폐업","","757-9737",광진구
"천연살균의학처 서울지사","영업중","서울특별시 광진구 구의동 204-8","",광진구
"라인크린","영업중","서울특별시 광진구 중곡동 113-3","1670-1129",광진구
"(주)홈피스","영업중","서울특별시 광진구 자양동 685번지 2호","1666-9577",광진구
"(주)태왕사이언스","영업중","서울특별시 구로구 구로3동 197번지 10호 이앤씨벤쳐드림타워2차 3층 307호","",구로구
"(주)프라임서비스","영업중","서울특별시 구로구 구로동 104번지 10호 동남오피스텔 1104호","2060-2290",구로구
"지피씨엔에스(주)","영업중","서울특별시 구로구 구로4동 317번지 93호 별관2층","02-2601-3399",구로구
"대성산업씨엔에스(주)","폐업","서울특별시 구로구 구로1동 685번지 140호 사모아상가 404호","3281-5421",구로구
"그린행복주식회사","영업중","서울특별시 구로구 구로동 94번지 8호","02-877-9452",구로구
"(주)동근에프엠","영업중","서울특별시 구로구 오류1동 81번지 53호","2615-9488",구로구
"흥산","영업중","서울특별시 구로구 궁동 98번지 3호","2625-7591",구로구
"온누리방역시스템","영업중","서울특별시 구로구 오류1동 142번지 26호","2682-1818",구로구
"에이스방역","영업중","서울특별시 구로구 구로본동 607번지 1호 우성빌딩 A동407호","671-3013",구로구
"포스","영업중","서울특별시 구로구 개봉3동 368번지 1호 (지층)","6345-2188",구로구
"청우씨에스","영업중","서울특별시 구로구 오류1동 11번지 26호","2689-6809",구로구
"한신공무","폐업","서울특별시 구로구 구로동 112번지 45호","",구로구
"(주)세광이십일","영업중","서울특별시 구로구 고척동 134번지 42호","",구로구
"가우스방역","영업중","경기도 부천시원미구 심곡동 325번지 37호 8통 5반","",구로구
"(주)아스타아이비에스","영업중","서울특별시 구로구 구로동 106번지 4호","",구로구
"(주)세보관리","영업중","서울특별시 구로구 오류1동 338번지 3필지 동부골든A상가 제지층 B08호","02-830-5878",구로구
"마이크로맥스","영업중","서울특별시 구로구 구로동 609번지 1호 한성상가 415호","070-8676-7737",구로구
"(주)갑진","영업중","서울특별시 구로구 고척동 326번지 청구아파트상가 202호","2612-0908",구로구
"(주)크린환경케이제이","영업중","서울특별시 구로구 고척동 161번지 73호 3층","2207-4521",구로구
"한국방역공사","영업중","서울특별시 구로구 구로동 104번지 1호 동원빌딩 105호","",구로구
"(주)유진엔지니어링","폐업","서울특별시 구로구 오류2동 135번지 1호 2층","02-2681-0855",구로구
"대성물류건설(주)","영업중","서울특별시 구로구 구로동 108번지 현대파크빌 406호 408호","02-2211-0940",구로구
"(주)프라임시티","영업중","서울특별시 구로구 구로동 108번지 2호 새솔금호아파트 지층 18호","02-2026-0284",구로구
"에코메이트","영업중","서울특별시 구로구 개봉동 105번지 20호 조은빌딩 302호","",구로구
"게스(GESS)","영업중","서울특별시 구로구 고척동 103번지 4호","",구로구
"(주)삼오종합관리","폐업","서울특별시 구로구 구로동 1128번지 4호 H.K TOWER 904호","02-835-3525",구로구
"(주)휴먼피엠씨","폐업","서울특별시 구로구 구로4동 98번지 대림오페라타워 605호","02-2060-1784",구로구
"선린CS","영업중","서울특별시 구로구 구로동 107번지 8호","",구로구
"해충마스터","영업중","서울특별시 구로구 개봉동 36번지 2호","1800-3055",구로구
"한국지엔씨(주)","영업중","서울특별시 구로구 구로동 1124번지 42호","",구로구
"고엽방제시스템","폐업","서울특별시 구로구 구로2동 636번지 62호 구로유통상가 A동 413호","2633-5111",구로구
"(주)다보산업관리","영업중","서울특별시 구로구 오류1동 54번지 5호  화인빌딩 602호","869-6465",구로구
"(주)두잉씨앤에스","폐업","서울특별시 구로구 구로3동 1127번지 31호 대성빌딩 405호","070-7123-3605",구로구
"보승기업","폐업","서울특별시 구로구 구로4동 98번지 대림오페라타워 B104호","",구로구
"(주)아이에스포유","폐업","서울특별시 구로구 구로5동 100번지 6호 구미빌딩 3층","857-3008",구로구
"구일환경(주)","폐업","서울특별시 구로구 구로2동 609번지 1호 구로한성상가 B동 302호","",구로구
"(주)두원에이엔씨","폐업","서울특별시 구로구 구로5동 530번지 23호","",구로구
"(주)효명종합관리","영업중","서울특별시 구로구 구로1동 685번지 456호","",구로구
"사회복지법인 애국단체원","폐업","서울특별시 구로구 구로5동 108번지 현대파크빌 802호","02-2109-1177",구로구
"(주)일오삼이엔지","영업중","서울특별시 구로구 고척1동 134번지 42호","2612-6602",구로구
"사단법인 모아나눔","폐업","서울특별시 구로구 구로4동 98번지 5호","070-8233-3048",구로구
"국제클린방역","폐업","서울특별시 구로구 가리봉동 1번지 8호","",구로구
"(주)대영이엠에스","폐업","서울특별시 구로구 구로5동 49번지 101 3호","02-3789-3932",구로구
"한청위생환경","폐업","서울특별시 구로구 구로4동 748번지 16호","02-858-9222",구로구
"크린포유","폐업","서울특별시 구로구 구로5동 43번지 10호 명지빌딩 303호","02-838-2662",구로구
"명우그린해충방제","폐업","서울특별시 구로구 구로3동 1256번지 현대아파트상가 103호","",구로구
"(주)창우디에스피","폐업","서울특별시 구로구 구로5동 104번지 1호","02-582-7101",구로구
"사회복지법인에덴복지재단","폐업","서울특별시 구로구 오류2동 109번지 1호 재도빌딩 310","02-2611-1711",구로구
"나사산업안전(주)","폐업","서울특별시 구로구 구로3동 197번지 33호 이앤씨벤쳐드림타워3차 905호","828-3945",구로구
"(주)와이브이시스템","영업중","서울특별시 구로구 오류동 340번지 삼천리상가 208호","2685-1536",구로구
"다온환경해충시스템","영업중","서울특별시 구로구 구로3동 1256번지 구로현대아파트 상가 1층 103호","",구로구
"명서비스 주식회사","영업중","서울특별시 구로구 고척1동 134번지 33호 새마을금고분소빌딩 303호","",구로구
"상쾌한 청소","폐업","서울특별시 구로구 개봉3동 403번지 198호 1층","3666-3312",구로구
"파인환경","영업중","서울특별시 구로구 개봉3동 312번지 38호 길훈아파트 상가 1층","",구로구
"구로구립장애인보호작업장","영업중","서울특별시 구로구 온수동 44번지 21호 지하","",구로구
"대성산업씨엔에스(주)","폐업","서울특별시 구로구 구로1동 685번지 140호 사모아상가 404호","3281-5421",구로구
"미래환경","폐업","서울특별시 구로구 구로4동 139번지 36호","839-3116",구로구
"비앤에스코리아","영업중","","",구로구
"주식회사 세스타","영업중","서울특별시 구로구 개봉동 470번지 삼환상가 상가동 301호","",구로구
"그린존 해충제로","폐업","서울특별시 구로구 고척1동 141번지 1호 서울가든아파트 138호","",구로구
"(주)세연종합관리","영업중","서울특별시 구로구 가리봉동 135번지 68호 613호","02-2658-7724",구로구
"주식회사 블루원코리아","폐업","서울특별시 구로구 고척동 83번지 6호","",구로구
"두성건설(주)","영업중","서울특별시 구로구 구로동 606번지 1호 구로기계공구상가 D블럭 지층 3346호","02-2636-8454",구로구
"해충크린","영업중","서울특별시 구로구 개봉동 109번지 20호","",구로구
"(주)청우씨엔에스","","서울특별시 구로구 구로5동 49번지 금호하우스텔 322호","",구로구
"삼진성흥(주)","폐업","서울특별시 구로구 구로5동 49번지 101 A호","",구로구
"공동체깔끄미","폐업","서울특별시 구로구 구로동 442번지 217호 지층","856-7040",구로구
"청소코끼리","폐업","서울특별시 구로구 오류1동 109번지 1호","2689-8791",구로구
"보라매보호작업장","영업중","서울특별시 구로구 구로동 414번지 14호","070-4418-9277",구로구
"리노환경연구소","영업중","서울특별시 구로구 구로동 442번지 217호","1811-2850",구로구
"하얀나래","영업중","서울특별시 구로구 온수동 68번지","",구로구
"(주)일천하이텍","폐업","서울특별시 구로구 구로4동 97번지 1호 로얄프라자 101호","856-1064",구로구
"홈로취케어","영업중","서울특별시 구로구 개봉동 455번지 7호","1661-6179",구로구
"디엔크린","폐업","서울특별시 구로구 오류동 336번지 동부아파트 상가동 103호","1544-5231",구로구
"서울구로지역자활센터 e편한인테리어","영업중","서울특별시 구로구 구로동 740번지 44호 1층","070-7730-5465",구로구
"(주)혜성지엔씨","폐업","서울특별시 구로구 구로4동 142번지 62호 대덕빌딩 3층 302호","02-895-9905",구로구
"오행종합개발(주)","영업중","서울특별시 구로구 가리봉동 89번지 66호 3층","868-6547",구로구
"청소코끼리주식회사","영업중","서울특별시 구로구 온수동 45번지 32호 성원상가 2층","2689-8791",구로구
"청소코끼리주식회사","영업중","서울특별시 구로구 온수동 45번지 32호 성원상가 2층","2689-8791",구로구
"청소코끼리주식회사","영업중","서울특별시 구로구 온수동 45번지 32호 성원상가 2층","2689-8791",구로구
"선린CS","폐업","서울특별시 구로구 구로동 107번지 8호 2동 1층(미주프라자)","",구로구
"(주)그리폰유","영업중","서울특별시 구로구 고척동 98-148","02-2060-1922",구로구
"(주)아이피엘씨","영업중","서울특별시 구로구 구로동 212번지 13호 벽산디지털밸리Ⅲ 510호","02-856-6955",구로구
"(주)정원종합관리","영업중","서울특별시 구로구 구로동 604번지 1호 구로기계공구상가 B블럭 10동 225호","02-928-5440",구로구
"주식회사 씨앤","영업중","서울특별시 구로구 개봉동 472번지 두산아파트 상가동 302호","",구로구
"(주)지앤씨피아","영업중","서울특별시 구로구 구로동 197번지 10호 이앤씨벤처드림타워2차 707호","6347-0707",구로구
"다온환경해충시스템","영업중","서울특별시 구로구 구로3동 1256번지 구로현대아파트 상가 1층 103호","",구로구
"진명","영업중","서울특별시 구로구 오류동 6번지 17호 유진빌딩 404호","02-2688-1830",구로구
"(주)비앤알월드","영업중","서울특별시 구로구 구로동 437번지 1호 성보빌딩 2층 205호","02-6081-0912",구로구
"금호환경","직권폐업","서울특별시 구로구 가리봉동 2번지 137호","858-3245",구로구
"에코에스","폐업","서울특별시 구로구 개봉2동 310번지 38호","6085-8090",구로구
"주식회사 나눔아이엔씨","폐업","","02-2069-2292",구로구
"청정CS","영업중","서울특별시 구로구 구로동 49번지 427호","",구로구
"주식회사 성보환경","영업중","서울특별시 구로구 구로동 84번지 12호","02-866-6622",구로구
"(주)세스코 서울남서지사","영업중","서울특별시 구로구 구로5동 23번지 1호","2140-0100",구로구
"(주)오케이빌스","영업중","서울특별시 구로구 구로동 26번지","02-522-6155",구로구
"벌레자바","영업중","서울특별시 구로구 고척동 103번지 4호 2층 가동 나열210호","",구로구
"주식회사 에스탑","영업중","서울특별시 구로구 구로동 3번지 25호 14층 002호","02-2111-1272~3",구로구
"주식회사 성우서비스","영업중","서울특별시 구로구 고척동 50번지 46호","02-3273-7030",구로구
"청소코끼리주식회사","영업중","서울특별시 구로구 온수동 45번지 32호 성원상가 2층","2689-8791",구로구
"청소코끼리주식회사","영업중","서울특별시 구로구 온수동 45번지 32호 성원상가 2층","2689-8791",구로구
"청소코끼리주식회사","영업중","서울특별시 구로구 온수동 45번지 32호 성원상가 2층","2689-8791",구로구
"(주)퍼스트이엔씨","영업중","서울특별시 구로구 구로동 186번지 7호 예성유토피아 101동 104호","",구로구
"청소코끼리주식회사","영업중","서울특별시 구로구 온수동 45번지 32호 성원상가 2층","2689-8791",구로구
"청소코끼리주식회사","영업중","서울특별시 구로구 온수동 45번지 32호 성원상가 2층","2689-8791",구로구
"청소코끼리주식회사","영업중","서울특별시 구로구 온수동 45번지 32호 성원상가 2층","2689-8791",구로구
"로취사이언스","폐업","서울특별시 구로구 개봉동 315번지 9호 지층","2612-6797",구로구
"아이피엘비","영업중","서울특별시 구로구 구로동 501번지 8호 지하1층","02-856-6955",구로구
"파트너스 시스템(주)","영업중","서울특별시 구로구 구로동 197번지 33호 901호","02-6900-0878",구로구
"(주)에스존","영업중","서울특별시 구로구 개봉동 312번지 4호","2687-2368",구로구
"(주)듀델코리아","영업중","서울특별시 구로구 개봉동 280번지 7호 KT개봉지점 4층","02-806-5500",구로구
"서울구로삶터지역자활센터","영업중","","02-856-0516",구로구
"나라크린","영업중","서울특별시 구로구 오류동 27번지 38호","",구로구
"닥터버그","영업중","서울특별시 구로구 고척동 141번지 1호 서울가든아파트 상가동 134호","",구로구
"다치움","영업중","서울특별시 구로구 구로동 437번지 동남빌딩 301호","",구로구
"한국방제시스템","폐업","서울특별시 구로구 구로1동 685번지 140호 사모아쇼핑 212호","2060-5118",구로구
"(주)깔끄미","영업중","서울특별시 구로구 개봉동 305번지 7호 그레이스빌 101호","",구로구
"그린에프파이브구로본부","영업중","서울특별시 구로구 항동 128번지 2호 가온 프라자 404호","02-2611-3239",구로구
"그린토탈크리닝","폐업","서울특별시 노원구 상계동 694번지 임광상가 203호","02-939-0840",노원구
"하얀공간방역","폐업","","02-934-2317",노원구
"(주)토마토세븐","영업중","서울특별시 노원구 상계동 6구역44블럭1롯트건영주상복합상가124125126.","",노원구
"스마일존","폐업","서울특별시 노원구 월계2동 633번지 105호","",노원구
"(주)성주원","영업중","서울특별시 노원구 상계동 111번지 279호 초산아트빌라","02-3391-1175",노원구
"(주)지산아이앤씨","영업중","서울특별시 노원구 상계5동 442번지 7호 1층","070-4915-0869",노원구
"현우이앤씨(E&C)","직권폐업","서울특별시 노원구 상계3.4동 101번지 83호 1층","02-937-7857",노원구
"(주)경성종합관리","폐업","서울특별시 노원구 상계동 83번지 30호 지층","02-933-7464",노원구
"(주)토마토세븐","영업중","서울특별시 노원구 공릉동 441번지 92호","02-953-7410",노원구
"(주)다은개발","영업중","서울특별시 노원구 상계동 450번지","02-857-2291",노원구
"북부장애인직업재활시설","영업중","서울특별시 노원구 상계동 771번지 북부장애인복지관","02-2092-1792",노원구
"페스코","영업중","서울특별시 노원구 상계동 1118번지 34호","02-930-4041",노원구
"(주)현우환경","영업중","서울특별시 노원구 중계1동 358번지 주공아파트3단지상가 204호 209호","02-908-4473",노원구
"신한종합관리(주)","영업중","서울특별시 노원구 공릉1동 499번지 56호","02-978-8330",노원구
"베스트서비스","영업중","","02-3399-5204",노원구
"버그폴리스","영업중","서울특별시 노원구 하계동 251번지 하계1차 청구아파트 상가","02-974-8112",노원구
"해오름크린","영업중","서울특별시 노원구 상계동 434번지 41호","02-938-2257",노원구
"정담그린환경","영업중","서울특별시 노원구 공릉동 622번지 103호","02-971-9055",노원구
"(주)세원종합관리","영업중","서울특별시 노원구 공릉동 379번지 34호","02-938-9545",노원구
"이레피앤알","영업중","서울특별시 노원구 상계동 1293번지 상계불암현대아파트 상가동 104호","031-861-8252",노원구
"태성","영업중","서울특별시 노원구 공릉동 492번지 3호 서진프라자아파트","02-973-8858",노원구
"한국위생방역협동조합","영업중","서울특별시 노원구 상계동 1110번지 두산아파트","02-938-2257",노원구
"인동종합관리(주)","영업중","서울특별시 노원구 중계본동 27번지","02-951-5220",노원구
"바퀴랑개미랑","영업중","서울특별시 노원구  450번지 교림노원프라자 B107호","02-930-3040",노원구
"(주)대경방제","영업중","서울특별시 노원구 상계2동 1054번지 5호","02-992-0625",노원구
"비전기업","영업중","서울특별시 노원구 상계6.7동 731번지 4호 8층","02-6436-8132",노원구
"(주)센추리건설관리","영업중","서울특별시 노원구 상계동 77번지 51호 대림프라자 302호","02-933-7041",노원구
"(주)재우씨엔씨","영업중","서울특별시 노원구 하계1동 256번지 12호","02-971-3156",노원구
"엑스터","영업중","서울특별시 노원구 중계본동 78번지 진로유통조합상가지층2.3호","02-936-6836",노원구
"진명종합시스템(주)","영업중","서울특별시 노원구 상계동 1285번지 동아불암아파트 상가 224","",노원구
"해맑음","영업중","서울특별시 노원구 상계동 1078번지 현대2차아파트상가 101호","02-949-6739",노원구
"그린하우스","영업중","서울특별시 노원구 월계동 37번지 12호","02-3292-1009",노원구
"더파인(The Fine)","영업중","서울특별시 노원구 상계동 169번지 210호 신흥빌딩 401-5호","",노원구
"(주)휴빌스 복지 매니지먼트","폐업","서울특별시 노원구 공릉동 622번지 노원사회적경제지원센터 203호","",노원구
"신산천","영업중","서울특별시 노원구 상계동 733번지 1호 광일빌딩","02-933-7333",노원구
"버민빌환경","폐업","서울특별시 노원구 상계2동 1309번지 한일유앤아이아파트 상가 101","",노원구
"해맑음보호작업시설","영업중","서울특별시 노원구 공릉동 323번지 15호 1층 해맑음보호작업시설","02-949-6739",노원구
"(주)세명관리이엔지","영업중","서울특별시 노원구 상계1동 1118번지 42호","02-939-5445",노원구
"(주)신화비엠씨","영업중","서울특별시 노원구 상계동 456번지 133호 3층","932-9997",노원구
"우리시설관리센터","폐업","서울특별시 노원구 월계1동 476번지 23호","941-6594",노원구
"안티벅스","폐업","","",노원구
"(주)덕산안전관리","영업중","상계동 37번지 16호 상계대림프라자 306호","02-951-7287",노원구
"(주)일우개발","폐업","서울특별시 노원구 중계1동 445번지 염광아파트 상가동 B1920호","",노원구
"서울노원남부지역자활센터","폐업","서울특별시 노원구 월계1동 496번지 56호","941-6594",노원구
"주식회사 디앤디바이오인터내셔날","폐업","서울특별시 노원구 중계동 311번지 경복빌딩 4층","02-930-2530",노원구
"미진환경","영업중","서울특별시 노원구 상계동 1321번지 건영아파트","02-930-4646",노원구
"굿모닝 환경","폐업","서울특별시 노원구 하계1동 256번지 주공9단지아파트 제1상가105호","932-7185",노원구
"하얀공간방역","영업중","","02-934-2317",노원구
"클린앤캐치","영업중","서울특별시 노원구 상계동 581번지 55호","02-6494-0043",노원구
"(주)행복안전시스템","폐업","서울특별시 노원구 공릉1.3동 571번지 16호 연송빌딩4층402호","949-5215",노원구
"스마일존","영업중","서울특별시 노원구 공릉동 382번지 22호","070-8623-3699",노원구
"안심공간 사람과 환경","영업중","서울특별시 노원구 상계동","02 -932-5007",노원구
"주식회사 친환경넘버원","폐업","서울특별시 노원구 상계동 173번지 1호 벽산아파트상가 109동 지18호","02-936-5757",노원구
"(주)신화아이앤에스","폐업","서울특별시 노원구 공릉1.3동 382번지 15호","02-948-0545",노원구
"그린F5","영업중","서울특별시 노원구 상계동 156번지 17호","",노원구
"서울노원남부지역자활센터","영업중","서울특별시 노원구 공릉동 584번지 10호 연세빌딩","02-941-6594",노원구
"(주)신화비엠씨","영업중","서울특별시 노원구 상계동 456번지 133호","02-932-9997",노원구
"(주)토마토세븐씨앤알","폐업","서울특별시 노원구 공릉동 568번지 1호 3층","02-979-7412",노원구
"해충박사","영업중","서울특별시 노원구 공릉동 645번지 19호","070-7776-4695",노원구
"휴빌스 하우징 종합관리","영업중","서울특별시 노원구 공릉동 591번지 1호","02-3391-7708",노원구
"에스에이치티엠자주종합관리(주)","폐업","서울특별시 노원구 중계4동 434번지 2호  현대종합상가 1층 110호","02-6402-1119",노원구
"K-방역단","영업중","서울특별시 노원구 상계동 437 옷수선 1층","",노원구
"(주)대주지에스","영업중","서울특별시 노원구 공릉동 379번지 34호 동욱빌딩2층","02-938-9545",노원구
"(주)세스코 서울북부지사","영업중","서울특별시 노원구 상계동 1132번지 63호 대성빌딩","02-932-3234",노원구
"(주)21세기매니지먼트","영업중","서울특별시 노원구 상계동 321번지 57호","02-931-8880",노원구
"캐치벅스(CATCH BUGS)","영업중","서울특별시 노원구 상계동 450번지 교림노원프라자 121호","02-2208-0243",노원구
"그린F5노원점","영업중","서울특별시 노원구 상계동 450번지 교림노원프라자 307-1호","02-1800-1785",노원구
"(주)한빛티에스","영업중","서울특별시 노원구 공릉동 382번지 15호","02-971-6636",노원구
"디앤엠씨 플래너스","영업중","서울특별시 노원구 상계동 1267번지 토마토파르코 1312호","",노원구
"비츠로(BITZRO)","영업중","상계동 1054번지 5호 28통 5반 지층","02-6465-9522",노원구
"맑은나래","영업중","서울특별시 노원구 상계동 135번지 78호 어린이속셈학원 101호","",노원구
"녹색나라","영업중","서울특별시 노원구 상계동 1257번지 북부종합사회복지관","02-952-7184",노원구
"좋은사람들","폐업","","",노원구
"가람솔","영업중","서울특별시 노원구 공릉동 742번지 효성아파트 상가동 202호","070-7121-2528",노원구
"비엔씨글로벌","영업중","서울특별시 노원구 월계동 321-2 희성프라자 609-1호","",노원구
"알파벳에이디","영업중","서울특별시 노원구 중계동 84-7 현대프라자","",노원구
"(주)씨유앤아이","영업중","서울특별시 노원구 상계동 1267 토마토파르코 1212호","",노원구
"(주)태경티엠에스","영업중","서울특별시 노원구 월계동 803번지 1호 극동아파트","02-963-2333",노원구
"마포지역자활센터","폐업","","312-7945",마포구
"(주)동성티엠에스","영업중","","02-701-8005",마포구
"피닉스","영업중","서울특별시 마포구 신수동 371번지 16호 순총빌딩 B101호","",마포구
"한미시설관리(주)","영업중","서울특별시 마포구 도화동 288번지 1호","02-713-1110",마포구
"(주)현장종합관리","영업중","서울특별시 마포구 동교동 165번지 8호 LG팰리스빌딩  5층","02-333-3842",마포구
"(주)다빈환경","영업중","서울특별시 마포구 망원동 421번지 12호","02-337-5063",마포구
"SK방역공사","폐업","서울특별시 마포구 도화동 삼창프라자빌딩 13층","02-714-1119",마포구
"(주)잡마스터","영업중","서울특별시 마포구 도화동 538번지 성지빌딩 809호","02-701-0369",마포구
"신풍종합개발","폐업","서울특별시 마포구 염리동 147번지 2호 지하1층","02-6048-9008",마포구
"반딧불이(주)이지코퍼레이션","폐업","서울특별시 마포구 도화동 555번지 한화오벨리스크 101동 2908호","02-711-5110",마포구
"닥터버그","폐업","서울특별시 마포구 신수동 88번지 9호 지층","02-306-7959",마포구
"더존119","폐업","서울특별시 마포구 구수동 68번지 29호 창성빌딩 4층","713-1636",마포구
"준온","직권폐업","서울특별시 마포구 합정동 370번지 39호 성우빌딩 B03호","",마포구
"렌토킬이니셜코리아 주식회사","영업중","서울특별시 마포구 신수동 371번지 19호","1577-1196",마포구
"(주)휴콥","영업중","서울특별시 마포구 창전동 6번지 170호 2층","02-338-2707",마포구
"선우환경관리(주)","폐업","서울특별시 마포구 신정동 30번지 서강엘지(아)상가 106호","02-702-0435",마포구
"서울도시철도엔지니어링(주)","폐업","서울특별시 마포구 대흥동 267번지 대흥역사내","6311-8727",마포구
"주식회사 지티비에스","폐업","서울특별시 마포구 도화동 성지빌딩 C305","716-5156",마포구
"(주)올포원지엠","폐업","서울특별시 마포구 용강동 11번지 풍년빌딩 2층","02-783-0081",마포구
"(주)평화크린텍","영업중","서울특별시 마포구 성산동 277번지 53호","02-338-6694",마포구
"(주)리드원종합관리","영업중","서울특별시 마포구 동교동 165번지 8호 LG팰리스빌딩 1707호","02-3142-3815",마포구
"그린F5마포본부","영업중","","",마포구
"(주)이지코퍼레이션(반딧불이)","영업중","서울특별시 마포구 도화동 559번지 마포트라팰리스","",마포구
"(주)하이진텍","영업중","","02)6952-2053",마포구
"(주)티앤에스자산관리","영업중","서울특별시 마포구 공덕동 253번지 42호 지방재정회관 5층","3274-2699",마포구
"(주)더숲건설산업","영업중","서울특별시 마포구 성산동 593번지 6호 삼영빌딩 3층","02-302-5722",마포구
"(주)가드탑시큐리티","폐업","서울특별시 마포구 망원1동 379번지 41호 2층","",마포구
"(주)효건브릿지","직권폐업","서울특별시 마포구 서교동 376번지 5호 대광빌딩 201호","02-333-2278",마포구
"청우C.S","폐업","서울특별시 마포구 합정동 376번지 17호 신우빌딩 110호","02-6414-6471",마포구
"서울도시철도그린환경(주)","영업중","서울특별시 마포구 성산동 591번지 2호 성산별관 2층","02-6311-8349",마포구
"(주)그린피아한성","영업중","서울특별시 마포구 서교동 379번지 18호","02-862-6025",마포구
"백상기업(주)","영업중","서울특별시 마포구 도화동 51번지 1호 4층(404~407호)","3270-7257",마포구
"365해충제로","폐업","서울특별시 마포구 신수동 459번지 밤섬경남아너스빌 B101호","02-332-6699",마포구
"(주)에코그린티엠","영업중","서울특별시 마포구 신정동 2번지 1호 옥산빌딩 301호","02-355-3322",마포구
"오라산업관리(주)","영업중","서울특별시 마포구 망원동 426번지 7호 한성빌딩  201호","02-707-3612",마포구
"(주) 상우알에스","폐업","서울특별시 마포구 공덕동 370번지 4호","02-706-2120",마포구
"글로벌에이티시(주)","폐업","서울특별시 마포구 동교동 165번지 8호 LG팰리스빌딩 504호","02-333-9605",마포구
"(주)씨앤","영업중","서울특별시 마포구 상암동 2번지 300호","",마포구
"(주)인광엔지니어링","폐업","서울특별시 마포구 서교동 463번지 29호 (3층)","02-338-4602",마포구
"(주)지수아이앤씨","영업중","서울특별시 마포구 공덕동 275번지 LG마포빌딩","02-705-3900",마포구
"청아하게","영업중","서울특별시 마포구 신수동 47-17","02-702-6315",마포구
"주식회사 서비스플러스","영업중","서울특별시 마포구 창전동 6번지 140호 후암빌딩","041-555-1388",마포구
"(주)킴스코리아씨앤엠","폐업","서울특별시 마포구 아현동 437번지 3호 고려아카데미텔 1702호","02-363-3322",마포구
"(주)필씨엔에스","영업중","서울특별시 마포구 망원1동 482번지 8호","02-363-1201",마포구
"칠남매에스엔에이","폐업","서울특별시 마포구 서교동 394번지 57호 2층","",마포구
"케이에프앤에스(주)","폐업","서울특별시 마포구 염리동 85번지 2호 케이티솔루션센터 7층","02-3278-1361",마포구
"터미닉스코리아서울중부지사","영업중","서울특별시 마포구 용강동 494번지 24호 덕산빌딩","02-553-5200",마포구
"(주)현장종합자산관리","폐업","서울특별시 마포구 동교동 165번지 8호 LG팰리스빌딩 1707호","02-3141-5583",마포구
"(주)더다솜","폐업","서울특별시 마포구 서교동 480번지 24호 3층","02-325-4271",마포구
"(주)현장종합자산관리","삭제","서울특별시 마포구 동교동 165번지 8호 LG팰리스빌딩 1707호","02-3141-5583",마포구
"(주)패스원","영업중","서울특별시 마포구 성산동 108번지 12호 영재빌딩 6층 602호","322-7729",마포구
"백상비엠에스(주)","영업중","","3270-7200",마포구
"(주)세스코 마포지사","영업중","서울특별시 마포구 성산동 56번지 1호 씨에스타워","02-338-7141",마포구
"(주)창남미화방역","폐업","서울특별시 마포구 도화동 2번지 42호 지하 1층","714-7251",마포구
"(주)씨스엠","영업중","서울특별시 마포구 대흥동 298번지 신동빌딩 3층","02-712-6523",마포구
"(주)미성산업개발","폐업","서울특별시 마포구 마포동 36번지 1호","02-701-7223",마포구
"(주)백제기업","영업중","서울특별시 마포구 용강동 494번지 13호 신석빌딩 2층","02-718-8855",마포구
"복지실업","폐업","서울특별시 마포구 망원동 404번지 32호 지하1층","02-336-1681",마포구
"(주)이푸른환경","영업중","서울특별시 마포구 성산동 36번지 43호 202호","02-332-4488",마포구
"(주)에스디엠엔씨","영업중","서울특별시 마포구 서교동 449번지 5호 에스디타워비엔씨 7층","02-333-6843",마포구
"스마일상사","폐업","서울특별시 마포구 공덕동 105번지 236호 301호","",마포구
"(주)스타키퍼","폐업","서울특별시 마포구 아현동 424번지 35호 예원빌딩 4층","",마포구
"주식회사 엠피에스","폐업","서울특별시 마포구 서교동 481번지 5호","02-334-8811",마포구
"잡에취에스 주식회사","","서울특별시 마포구 도화동 250번지 4호","02-572-5765",마포구
"(주)대한안전관리공사","영업중","서울특별시 마포구 도화동 37번지 진도빌딩 10층 1호","02-716-1343",마포구
"(주)지엠스","영업중","서울특별시 마포구 도화동 538번지 성지빌딩 806호","02-497-0574",마포구
"(주)두원에이앤씨","폐업","","865-5025",마포구
"한미래산업(주)","영업중","서울특별시 마포구 서교동 247번지 54호","02)333-4273",마포구
"(주)제일휴먼스","영업중","서울특별시 마포구 노고산동 1번지 3호","02-2268-2937",마포구
"에코씨에스","영업중","서울특별시 마포구 성산동 142번지 9호 세원아파트 지하 상가1415호","02-303-7359",마포구
"나라오이코스(주)","영업중","서울특별시 마포구 연남동 487번지 8호 B01호","07075309700",마포구
"주식회사 청우크린시스템","폐업","서울특별시 마포구 합정동 376번지 17호 신우빌딩  104호","6414-6471",마포구
"재성환경","폐업","서울특별시 마포구 망원동 439번지 5호 성도빌라  3동 B101호","02-333-2452",마포구
"(주)건영자원환경","폐업","","15447752",마포구
"(주)제이앤드림","영업중","서울특별시 마포구 망원동 479번지 65호 3층","",마포구
"(주)성산산업개발","영업중","서울특별시 마포구 성산동 114번지 11호 1층","02-325-4795",마포구
"(주)에스디엠케이","영업중","서울특별시 마포구 서교동 449번지 5호 602호(SD Tower B&C)","02-3141-2728",마포구
"(주)씨앤씨에스에스","영업중","서울특별시 마포구 도화동 544번지 고려빌딩","02-6351-1004",마포구
"(주)라온서비스","영업중","서울특별시 마포구 용강동 149번지 81호","070-8064-4458",마포구
"(주)에스비에이엠씨","영업중","서울특별시 마포구 공덕동 254번지 5호 신용보증기금빌딩 18층","711-5387",마포구
"참조은환경(주)","영업중","서울특별시 마포구 성산동 142번지 1호 미소빌딩 4층","02-3142-9700",마포구
"주식회사 에이씨휴먼넷","영업중","서울특별시 마포구 노고산동 49번지 31호 11층(농협중앙회신촌복합건물)","02-725-5511",마포구
"(주)다홈테크놀러지","영업중","서울특별시 마포구 성산동 208번지 9호 대정빌딩 3층","02-1522-5797",마포구
"(주)인광엔지니어닝","폐업","서울특별시 마포구 서교동 444번지 9호 301호","338-4602",마포구
"(주)나라종합관리","폐업","서울특별시 마포구 서교동 440번지 5호 명빌딩 601호","02-304-5222",마포구
"(주)청운그린","폐업","서울특별시 마포구 마포동 136번지 1호 한신빌딩 1601호","02-711-8969",마포구
"(주)티알아이인터내셔널","영업중","","3663-0707",마포구
"티에이치케어","영업중","서울특별시 마포구 서교동 358번지 49호 3층","",마포구
"HS호위성원파트너스","폐업","서울특별시 마포구 합정동 370번지 9호 벤처빌딩 415호","02-712-9555",마포구
"HS호위성원파트너스","영업중","서울특별시 마포구 합정동 370번지 9호","",마포구
"(주)제이콥퍼레이션","영업중","서울특별시 마포구 서교동 395번지 179호","",마포구
"마포구립장애인직업재활센터","영업중","","302-0392",마포구
"(주)서브엔","영업중","서울특별시 마포구 동교동 205번지 7호 청운빌딩","02-3211-8800",마포구
"주식회사 드웰링","영업중","서울특별시 마포구 상암동 1649번지 DMC 산학협력연구센터","1522-0411",마포구
"(주)케이티에스","영업중","","3478-9500",마포구
"(주)에스디케이","영업중","서울특별시 마포구 서교동 449번지 5호 에스디타워비엔씨 7층","02-337-9773",마포구
"(주)아시아월드","영업중","서울특별시 성동구 성수동2가 277번지 17호 성수아카데미타워 1202호","02-424-5259",성동구
"동아환경개발주식회사","영업중","서울특별시 성동구 용답동 232번지 6호 송전빌딩 109호","2247-3541",성동구
"주식회사 윈피앤에스","영업중","","460-3094",성동구
"(주)석촌에스지","직권폐업","서울특별시 성동구 성수동2가 275번지 3호 경성빌딩 3층","02-563-0075",성동구
"리더스리빙","폐업","서울특별시 성동구 성수동2가 300번지 1호 지하1층","1588-0964",성동구
"만국환경","폐업","서울특별시 성동구 금호동1가 179번지 10호 1층","2296-1413",성동구
"(주)서울메트로환경","영업중","서울특별시 성동구  223번지 5호","",성동구
"(주)디엠에스","폐업","","024619181",성동구
"슈퍼맨 주식회사","영업중","","",성동구
"향우종합관리주식회사","","서울특별시 성동구 성수1가1동 656번지 282호 삼일빌딩 8층","417-9830",성동구
"티엠환경(주)","폐업","서울특별시 성동구 도선동 16번지 2호 골롬반빌딩3층","2295-8387",성동구
"대한민국재향군인회","영업중","서울특별시 성동구 성수1가1동 656번지 75호","416-9632",성동구
"(주)동원 C&S","폐업","","02-2210-4898",성동구
"빌딩케어관리","영업중","서울특별시 성동구 성수동2가 273번지 10호 풍림테크원","",성동구
"서운에스엠주식회사","영업중","","02-2246-0663",성동구
"대한민국 특전사동지회 환경개선단","폐업","","",성동구
"우청개발(주)","폐업","서울특별시 성동구 마장동 771번지 7호","2296-5090",성동구
"한국방역협회 사업지원단","영업중","서울특별시 성동구 성수동2가 273번지 24호 대한빌딩 604호","02-467-7630",성동구
"(주)엠앤에스엔터프라이즈","영업중","서울특별시 성동구 성수1가1동 400번지 1호","498-7106",성동구
"부림위생(주)","영업중","서울특별시 성동구 왕십리2동 975번지 29호 지하1층","842-6125",성동구
"(주)소낙스앤인","영업중","서울특별시 성동구 성수동2가 277번지 17호 성수아카데미타워 315호","1644-7644",성동구
"주식회사 동행","영업중","서울특별시 강북구 미아동 1353번지 SK북한산시티아파트","02-719-9451",성동구
"일신기업","영업중","서울특별시 성동구 행당2동 317번지 31호 2층","",성동구
"서울방역","영업중","서울특별시 성동구 홍익동 150번지 4층","",성동구
"대양환경공사","영업중","서울특별시 성동구 하왕십리동 990번지 한신무학아파트 상가 205호","474-5556",성동구
"(주)덕정환경","영업중","서울특별시 성동구 왕십리2동 990번지 한신무학아파트상가 108호","2297-3222",성동구
"미래네트웍스","영업중","서울특별시 성동구 용답동 234번지 장안평중고자동차시장 B호 C동 2층 가열 19호","",성동구
"광명환경","영업중","서울특별시 성동구 성수동2가 279번지 50호 성수1차 대우아파트 상가 220-1호","",성동구
"케이케어","폐업","","02-353-4726",성동구
"클린데이","영업중","서울특별시 성동구 도선동 70번지 창성빌딩 253호","",성동구
"깨끗한세상1호점","폐업","서울특별시 성동구 금호동1가 1566번지 5호","2299-5933",성동구
"그린F5 성동본부","폐업","서울특별시 성동구 도선동 69번지 성동삼성쉐르빌 상가 101동 141호","02-538-3971",성동구
"아페스코(APESCO)","영업중","서울특별시 성동구 성수동2가 289-39 2층 202호","",성동구
"자연환경","영업중","서울특별시 성동구 성수동2가 281번지 16호 일신건영휴먼테코 1101호","02-403-0084",성동구
"(주)엘림실업","직권폐업","서울특별시 성동구 성수2가3동 284번지 67호","499-0124",성동구
"청정CS","영업중","서울특별시 성동구 용답동 49번지 427호","",성동구
"유원 티씨에스","영업중","서울특별시 성동구 성수동2가 299번지 94호 1층","467-3992",성동구
"(주)신웅환경시스템","영업중","서울특별시 성동구 행당1동 37번지 27호 2층","2281-9114",성동구
"주식회사 퓨처쉐이퍼스","영업중","서울특별시 성동구 성수동1가 13번지 164호 서울숲 IT 밸리 805호","02-568-5534",성동구
"(주)에스앤씨서비스","영업중","서울특별시 성동구 성수동1가 656번지 281호 삼일빌딩 9층 2호","465-9933",성동구
"오대양시스템","영업중","서울특별시 성동구 금호동3가 776번지 202호","2632-2177",성동구
"(주)에버크린","폐업","서울특별시 성동구 성수2가3동 284번지 67호 창미빌딩 406호","469-4931",성동구
"(주)테크인코리아","휴업","","02-469-4500",성동구
"피에스클린(PS클린)","영업중","서울특별시 성동구 용답동 235번지 2호 금풍빌딩","",성동구
"주식회사 에프파이브서울원","영업중","서울특별시 성동구 도선동 70번지 창성빌딩 294호","",성동구
"그린환경테크(주)","영업중","서울특별시 성동구 성수동2가 277번지 17호 성수아카데미타워 1913호","02-464-2218",성동구
"(주)미래체육시설안전기술","영업중","","02-2215-0262",성동구
"네오캠크린","영업중","서울특별시 성동구 성수동2가 284번지 50호 삼풍아파트형공장 지1층 7호","070-8612-4724",성동구
"(주) 두리교우파워시스템","영업중","서울특별시 성동구 용답동 235번지 2호 금풍빌딩 3층 308호","02-766-5477",성동구
"서운STS(주)","영업중","서울특별시 성동구 용답동 228번지 13호 서운빌딩 3층","2246-9124",성동구
"(주)캠크린프로서비스","영업중","서울특별시 성동구 성수2가3동 284번지 50호","465-9983",성동구
"서울성동지역자활센터","영업중","서울특별시 성동구 옥수동 562번지 1호 서울성동지역자활센터 3층","02-2299-6658",성동구
"아이티앤가드 주식회사","영업중","서울특별시 성동구 금호동1가 116번지","02-2292-0800",성동구
"주식회사 쏘프레쉬앤코","영업중","서울특별시 성동구 성수동1가 305번지 선출빌딩 1층 1호","",성동구
"팝펀이벤트","영업중","서울특별시 성동구 용답동 236-3 4층 1호","02-2205-2802",성동구
"낙원환경","영업중","서울특별시 성동구 송정동 99번지 3호 시그널토탈카 B101호","2245-3797",성동구
"코리아베스트씨스템","폐업","서울특별시 송파구 석촌동 276번지 2호 석촌꽃마을빌딩","",송파구
"중앙방역","영업중","서울특별시 송파구 삼전동 14번지 6호 (지층)","02)423-9642",송파구
"(주)스마일종합관리","영업중","서울특별시 송파구 오금동 113번지 3호 송학빌딩 302호","02)443-1224",송파구
"(주)한창탑","영업중","서울특별시 송파구 장지동 375번지 (1층)","02)2213-9022",송파구
"원선환경방역","영업중","서울특별시 송파구 석촌동 273번지 1호 서원빌딩 708호","02)414-6638",송파구
"자운환경(주)","영업중","서울특별시 송파구 가락동 79번지 4호 세화오피스텔 812호","02)443-2434",송파구
"조흥관리(주)","영업중","서울특별시 송파구 문정동 31번지 8호 자양빌딩 401호","02)403-0011",송파구
"태경플랜트(주)","영업중","서울특별시 송파구 가락동 196번지 16호 (1층)","02)402-1371",송파구
"새한방역","영업중","서울특별시 송파구 거여동 33번지 7호 (3층)","02)408-0014",송파구
"온누리환경","영업중","서울특별시 송파구 방이동 108번지 10호 (2층)","02)413-2009",송파구
"에이취이아이(주)","영업중","서울특별시 송파구 송파동 19번지 5호 남경빌딩 303호","02)420-2746",송파구
"(주)벡스원","영업중","서울특별시 송파구 가락동 70번지 19호 가락대림상가 3층","02)403-7688",송파구
"경기관리(주)","영업중","서울특별시 송파구 송파동 19번지 5호 남경빌딩 301호","02)420-2234",송파구
"아롬텍","영업중","서울특별시 송파구 문정동 125번지 (지하1층)","02)406-8219",송파구
"성수기업사","영업중","서울특별시 송파구 방이동 71번지 2호 서봉빌딩 201호","02)412-2367",송파구
"삼디(3D)뱅크","영업중","서울특별시 송파구 송파동 118번지 8호 (104호)","02)420-0870",송파구
"(주)피엔제이관리공사","영업중","서울특별시 송파구 석촌동 282번지 2호 서경빌딩(3층)","02)588-3818",송파구
"(주)케이티파워텍","영업중","서울특별시 송파구 석촌동 156번지 정현빌딩 301호","02)859-6262",송파구
"(주)동경엠앤에스","영업중","서울특별시 송파구 석촌동 23번지 2호 대정빌딩(2층)","02)420-7112",송파구
"(주)용우테크","영업중","서울특별시 송파구 가락동 186번지 9호 (1층)","02)839-2686",송파구
"(주)탑코리아디앤씨","영업중","서울특별시 송파구 송파동 8번지 2호 신천빌딩 3층","02)3442-4248",송파구
"(주)우상이엔티","영업중","서울특별시 송파구 문정동 37번지 7호 태성빌딩 202호","02)443-8360",송파구
"좋은생활환경","영업중","서울특별시 송파구 삼전동 178번지 1호 지하1층","02)522-8678",송파구
"(주)새미래친환경","영업중","서울특별시 송파구 오금동 154번지 15호 (1층)","02)409-1477",송파구
"이원방재(주)","영업중","서울특별시 송파구 방이동 106번지 (201호)","02)414-7052",송파구
"신광환경건설산업","영업중","서울특별시 송파구 방이동 226번지 1호 고려빌딩(4층)","02)423-8445",송파구
"(주)엔오에이씨앤씨","영업중","서울특별시 송파구 송파동 108번지 10호 동양빌딩 203호","02)713-0936",송파구
"(주)데이지관리","영업중","서울특별시 송파구 문정동 81번지 6호 (2층)","02)443-7400",송파구
"(주)다솔에스엠","영업중","서울특별시 송파구 문정동 99번지 12호 그린빌딩(4층)","02)407-3946",송파구
"(주)경쓰","영업중","서울특별시 송파구 가락동 79번지 5호 밀리아나2차오피스텔","02-555-0444",송파구
"(주)세스코 송파지사","폐업","서울특별시 송파구 풍납2동 269번지 10호 무성빌딩 2층","02-482-8011",송파구
"이엠자연","폐업","","02-418-0197",송파구
"(주)파란종합관리","폐업","서울특별시 송파구 가락2동 180번지 8호 4층","02)401-3883",송파구
"(주)자산관리재무","영업중","서울특별시 송파구 문정동 62번지 3호 다인빌딩 301호","02-3432-0225",송파구
"한국월드그린","영업중","","02)412-0135",송파구
"향우종합관리(주)","영업중","서울특별시 송파구 신천동 7번지 29호 향군타워","02-417-9391",송파구
"웰빙팜스(주) 송파지점","폐업","","024883329",송파구
"(주)더블유에프텍","영업중","","02-418-0012",송파구
"프런티어엠","영업중","서울특별시 송파구 풍납동 505번지 1호 송원재 지하1층 101 호","02)703-9947",송파구
"(주)강동그린텍","영업중","","070-4849-5427",송파구
"(주)태인이앤지","영업중","서울특별시 송파구 장지동 116번지 9호 401호","02-443-4532",송파구
"(주)에코미스트","영업중","서울특별시 송파구 송파동 138번지 6호 2층","02-414-0132",송파구
"(주)가온비에스","폐업","서울특별시 송파구 가락본동 91번지 5호 부성빌딩 601호","02-408-3339",송파구
"참좋은환경송파","영업중","서울특별시 송파구 오금동 70번지 201호","",송파구
"청솔시스템(주)","영업중","서울특별시 송파구 거여동 5번지 19호 명산복합주택 104호","02-477-3478",송파구
"그린웰빙건축사사무소(주)","폐업","서울특별시 송파구 잠실본동 310번지 103호","02-425-0585",송파구
"(주)비에프디","","서울특별시 송파구 송파1동 84번지 5호 4층 1호","02-2042-7501",송파구
"그린F5송파영업본부","영업중","서울특별시 송파구 송파동 121번지 한양아파트상가 43호","02-422-4377",송파구
"(주)바이탈오투","영업중","서울특별시 송파구 가락동 111번지 27호 경복빌딩","02-402-9400",송파구
"(주)태경서비스","영업중","","02-421-2118",송파구
"상록환경플러스","영업중","서울특별시 송파구 풍납동 404번지 (2층)","02)482-2869",송파구
"(주)토탈씨엠에스에이전시","폐업","서울특별시 송파구 거여1동 135번지 31호","02)418-0700",송파구
"(주)지혜개발","폐업","서울특별시 송파구 송파2동 103번지 31호 예빌딩 201호","02)423-3961",송파구
"(주)지에스비","","서울특별시 송파구 잠실본동 175번지 14호 두성빌딩 7층","1644-7030",송파구
"(주)수호원","폐업","서울특별시 송파구 가락본동 99번지 3호 제일오피스텔 616호","02)402-3071",송파구
"믿음사","폐업","","02-423-7633",송파구
"모스서비스(MOS SERVICE)","폐업","","",송파구
"현대환경설비(주)","영업중","서울특별시 송파구 문정동 80번지 3호 지하1층","02)407-2222",송파구
"(주)영구관리","폐업","","1577-0963",송파구
"동산종합관리","","서울특별시 송파구 잠실동 328번지 5호 (3층)","02)417-6945",송파구
"(주)현대환경산업","영업중","","592-0090",송파구
"(주)토우에스이엠","폐업","서울특별시 송파구 석촌동 287번지 2호 서도빌딩 4층","070-4010-3025",송파구
"(주)파란실업","영업중","","02-404-7472",송파구
"유한회사 한국보안공사","폐업","서울특별시 송파구 방이2동 110번지 13호 4층","02-3432-5799",송파구
"(주)매직파트너스","폐업","서울특별시 송파구 문정동 39번지","",송파구
"(주)케어스","폐업","","1688-0799",송파구
"(주)청우티에스","영업중","서울특별시 송파구 거여동 21번지 11호","02-734-1181",송파구
"다원CS","영업중","서울특별시 송파구 거여동 290번지 1호 세신거여종합상가 312호","070-7565-6999",송파구
"다미이엔씨","영업중","서울특별시 송파구 문정1동 30번지 9호 지하1층","",송파구
"(주)케이티씨엠에스","영업중","","02-418-0700",송파구
"(주)하이피아","영업중","서울특별시 송파구 가락본동 70번지 8호 수연빌딩(3층)","02-407-1093",송파구
"서울환경컴퍼니","영업중","","02)425-3060",송파구
"Noticle(노티끌)","폐업","","",송파구
"(주)태영이엔비","폐업","","02-2216-4534",송파구
"(주)도움플러스","영업중","서울특별시 송파구 오금동 40번지 19호","02)412-8804",송파구
"(주)강동에코텍","영업중","","02)402-1802",송파구
"누리에이치앤디(주)","영업중","서울특별시 송파구 가락동 46번지 7호","02-430-2922",송파구
"(유)탄천산업","영업중","","02)534-1736",송파구
"(주)비오워크","영업중","","02-418-7997",송파구
"평아기업(주)","폐업","","024153234",송파구
"(주)동재시스템","영업중","서울특별시 송파구 송파1동 89번지 8호 301호","02)420-1086",송파구
"이레안전시스템(주)","영업중","서울특별시 송파구 석촌동 297번지 43호 양주빌딩 203호","02)423-8830",송파구
"크린탈","영업중","서울특별시 송파구 가락본동 30번지 6호   302호","02-483-6111",송파구
"(주)누림코리아","","","070-4855-2080",송파구
"(주)더원솔루션","영업중","서울특별시 송파구 송파동 166번지 가락삼익맨숀상가 2-2호","02-2202-3122",송파구
"(주)물빛환경","폐업","서울특별시 송파구 거여2동 258번지 30호 지하1층","06-1661-0264",송파구
"세이프존","영업중","서울특별시 송파구 풍납1동 509번지 씨티극동아파트상가 201호","02-3427-5678",송파구
"정우방역","폐업","서울특별시 송파구 거여동 5번지 23호 (201호)","02)406-8121",송파구
"유창물산(주)","영업중","서울특별시 송파구 송파1동 131번지 22호 1층","02-412-4933",송파구
"(주)멀티파워텍","영업중","서울특별시 송파구 잠실본동 228번지 8호 극동빌딩 비동 401호","02-417-0900",송파구
"미래환경개발공사","폐업","","",송파구
"대덕프라임산업(주)","영업중","서울특별시 송파구 문정1동 45번지 9호 (3층)","02-3402-2616",송파구
"블루크린(주)","영업중","서울특별시 송파구 가락동 79번지 5호 밀리아나2차오피스텔 1113호","02-2216-3317",송파구
"(주)우진종합관리","폐업","","1899-2024",송파구
"베스트클린존","영업중","서울특별시 송파구 가락동 83번지 6호 상원빌딩 602호","",송파구
"(주)파이런텍","폐업","서울특별시 송파구 문정동 107번지 2호 세안빌딩 2층","02-407-3488",송파구
"(주)인터내셔널태인","영업중","서울특별시 송파구 문정동 116번지 9호 402호","02)403-9823",송파구
"(주)핸씨드","영업중","","02)579-6161",송파구
"(주)휴먼에코랩","영업중","","1599-2582",송파구
"(주)비앤비클린","영업중","서울특별시 송파구 문정1동 11번지 7호 지하1층","02-3402-2616",송파구
"(주)현진씨티","영업중","","02-409-4546",송파구
"NAMO세이프존","영업중","서울특별시 송파구 가락동 93번지 금강빌딩 713호","070-4141-1199",송파구
"자운크린(주)","폐업","서울특별시 송파구 신천동 11번지 장미C상가 502호-나","02-443-2434",송파구
"도도컴퍼니","영업중","서울특별시 송파구 거여동 293번지 1호 세신거여훼미리타운 지하1층 125호","1670-7345",송파구
"(주)애드민에스엔엔스","영업중","서울특별시 송파구 잠실본동 181번지 2호 성진빌딩 7층","02-2203-6483",송파구
"(유)우원티엠","영업중","서울특별시 송파구 가락동 78번지 1호 한화오벨리스크 210호","02)445-5511",송파구
"비젬코","영업중","서울특별시 송파구 문정동 80번지 11호 성지빌딩 301호","02)3012-4500",송파구
"(주)파란종합관리","영업중","서울특별시 송파구 가락동 180번지 8호 대정하우스빌딩","02-401-3883",송파구
"(주)한국환경개발","영업중","서울특별시 송파구 오금동 121번지 15호 덕생빌딩 3층","02-3431-0045",송파구
"(주)한국에스웨이","영업중","서울특별시 송파구 방이동 24번지 3호 제이타워빌딩","02-798-4211",송파구
"(주)그린파트너","폐업","서울특별시 송파구 방이2동 58번지 10호 그린캐슬 2층","02-419-8600",송파구
"헬스엔케어성남티엠에스","폐업","서울특별시 송파구 문정동 36번지","",송파구
"(주)바이클린","폐업","서울특별시 송파구 거여동 290번지 1호 세신거여종합상가 511호","02-413-6401",송파구
"한일환경","영업중","","02-422-1134",송파구
"(주)클린이벤트","영업중","서울특별시 송파구 가락동 99번지 3호 제일오피스텔 516-1호","",송파구
"(유)와이번스안전관리시스템","영업중","서울특별시 송파구 오금동 39번지 1호","02)407-0493",송파구
"(주)태경씨앤시","폐업","서울특별시 송파구 가락2동 155번지 2호 인성빌딩 302호","3401-9765",송파구
"한창산업개발","폐업","","",송파구
"(주)클린아이디어","폐업","","",송파구
"(주)테콘아이엔씨","영업중","서울특별시 송파구 문정동 634 가든파이브라이프 T7097호","02-2157-8866",송파구
"(주)스카이","폐업","","02)414-3312",송파구
"(주)가온아이피엠","영업중","","02-431-9775",송파구
"(주)가온아이피엠","영업중","서울특별시 송파구 오금동 95번지 2호 대진빌딩","431-9775",송파구
"(주)화인에코스","영업중","서울특별시 송파구 오금동 136번지","",송파구
"(주)퓨머크린","영업중","서울특별시 송파구 송파동 106번지 15호 영진빌딩 303호","",송파구
"(주)이랑씨에스","영업중","서울특별시 송파구 송파동 121번지 한양아파트상가 305호","02-907-8974",송파구
"키즈아머","영업중","","02-2157-8272",송파구
"(주)포컴","영업중","","02-423-7723",송파구
"올어바웃 페스트","영업중","","",송파구
"(주)택선생플러스센터","영업중","서울특별시 송파구 문정동 80-29 202호","02-401-0547",송파구
"현대조경개발홀딩스(주)","영업중","","",송파구
"(주)서울위생환경관리","영업중","","02-2157-7379",송파구
"케이엔자산관리(주)","영업중","서울특별시 송파구 석촌동 173번지 8호 소망빌딩","02-21387853",송파구
"굿써비스","영업중","","",송파구
"정C&C","영업중","서울특별시 송파구 잠실동 232번지 3호 206호","",송파구
"(주)엠피에스","영업중","","02-334-8811",송파구
"(주)영가","영업중","","02-2143-3012",송파구
"서천환경(주)","영업중","서울특별시 송파구 풍납동 505번지 8호 102호","485-5367",송파구
"(주)비엠더코리아","영업중","서울특별시 송파구 방이동 191번지 12호 한마을빌딩 202호","479-4135",송파구
"(주)제이에프아이앤씨","영업중","서울특별시 송파구 문정동 645번지 2호 에이치비지니스파크 1013호","02-2138-2872",송파구
"그린파워키퍼","영업중","서울특별시 송파구 풍납동 175번지 솔바람복지센타 102호","02-406-2805",송파구
"(주)싱크피플","영업중","서울특별시 송파구 문정동 644번지 2호 문정현대지식산업센터1-2 씨동 1003호","",송파구
"송파지역자활센터","영업중","서울특별시 송파구 풍납동 175번지 솔바람복지센타 1호","02-406-7119",송파구
"에이스컴퍼니","영업중","서울특별시 송파구 풍납동 408-19 202호","",송파구
"(주)유앤굿라이프","영업중","서울특별시 송파구 문정동 632번지 가든파이브웍스 에스동 604호","02-888-3009",송파구
"녹산유지관리(주)","영업중","서울특별시 송파구 가락동 136 501호","02-476-2964",송파구
"본에코(주)","영업중","서울특별시 송파구 삼전동 178번지 301호","02-414-6221",송파구
"(주)바이탈오투","폐업","","02-402-9400",송파구
"(주)세스코 영등포지사","영업중","","02-2676-8301",영등포구
"삼호실업(주)","영업중","서울특별시 영등포구 여의도동 25번지 5호 1403호","02)780-0636",영등포구
"(주)대교산업","영업중","서울특별시 영등포구 여의도동 25-3 동화빌딩","02-783-2272",영등포구
"주식회사 오성이앤비","영업중","서울특별시 영등포구 양평동1가 116번지 48호","",영등포구
"(주)케이디텍","영업중","서울특별시 영등포구 양평동2가 37번지 1호 동아프라임밸리","02-6096-6380",영등포구
"(주)잉글리쉬맨파워코리아","영업중","서울특별시 영등포구 여의도동 36번지 2호 맨하탄빌딩 11층 6호","",영등포구
"(주)특임용역사업단","영업중","서울특별시 영등포구 여의도동 14번지 2호 동아빌딩 5층","738-8240",영등포구
"(주)특임용역사업단","영업중","서울특별시 영등포구 여의도동 14번지 2호 동아빌딩 5층","7388240",영등포구
"크린청","폐업","서울특별시 영등포구 도림동 107번지 4호 1층","070-7590-1233",영등포구
"(주)광진씨엔에스","폐업","서울특별시 영등포구 신길동 116번지 1호 4층","832-6206",영등포구
"스마일크린","영업중","","",영등포구
"명진기업(주)","영업중","서울특별시 영등포구 양평동2가 37번지 2호","",영등포구
"선우환경관리(주)","영업중","서울특별시 영등포구 당산동6가 306번지 1호","",영등포구
"(주)휴먼이솔루션","영업중","","02-2679-0325",영등포구
"주식회사 홈앤아이 클린케어","영업중","서울특별시 영등포구 영등포동6가 68번지 5호 경암빌딩","",영등포구
"(주)토우에스이엠","영업중","서울특별시 영등포구 당산동2가 30번지 2호","02-6166-3117",영등포구
"제일방역","폐업","","02-2675-0009",영등포구
"CS방역","영업중","서울특별시 영등포구 양평동1가 245번지","",영등포구
"대한민국 특수임무수행자회","폐업","서울특별시 영등포구 여의도동 14번지 2호  동아빌딩5층(502/503)","780-4855",영등포구
"부림위생","폐업","","",영등포구
"(주)친환경","영업중","서울특별시 영등포구 양평동2가 36번지 37호 지하1층","",영등포구
"엘림에스엘(주)","영업중","서울특별시 영등포구 양평동2가 35번지 6호 2층","02)2069-1784",영등포구
"(주)대신이엠에스","영업중","","02-6673-0305",영등포구
"케이에프앤에스(주)","영업중","서울특별시 영등포구 여의도동 28번지 2호","3278-1300",영등포구
"(주)에스에스개발","영업중","","02-831-9734",영등포구
"보건기업(주)","영업중","서울특별시 영등포구 문래동5가 9번지 벽산디지털밸리 1602-2","833-2731",영등포구
"아세아환경(주)","영업중","","02-780-6876",영등포구
"태가비엠(주)","영업중","","02-562-9431",영등포구
"정건물관리공사","영업중","","02-2633-0459",영등포구
"주식회사 평산종합관리","영업중","","02-2675-8301",영등포구
"(주)태왕사이언스","영업중","","",영등포구
"더 편한The 편한","영업중","서울특별시 영등포구 문래동1가 96번지 4호 한양빌딩 6층","",영등포구
"(주)한성세영비엔에이","영업중","서울특별시 영등포구 영등포동 592번지 27호 1층","2636-7422",영등포구
"(주)좋은세상 씨앤씨","폐업","서울특별시 영등포구 대림3동 683번지 21호  (지하1층)","",영등포구
"(주)환경을 아는 사람들","폐업","서울특별시 영등포구 여의도동 13번지 20호 41통 5반 프린스텔 505호","1599-1714",영등포구
"(주)케이와이시스템","폐업","","",영등포구
"주식회사 제이개발","영업중","서울특별시 영등포구 양평동2가 43번지 6호 삼성코코빌 102동 204호","02-2631-0355",영등포구
"다잘","영업중","서울특별시 영등포구 도림동 224번지","",영등포구
"(주)한국커리어서치","영업중","서울특별시 영등포구 영등포동3가 8번지 연암빌딩(3층)","",영등포구
"주식회사 세프로","영업중","서울특별시 영등포구 여의도동 44번지 12호 고려빌딩","",영등포구
"(주)에프터클린","영업중","서울특별시 영등포구 양평동1가 9번지 32호 윤당제1빌딩","",영등포구
"코스원","영업중","","02-2632-4020",영등포구
"에코에어","영업중","서울특별시 영등포구 신길동 401번지 8호 신길동","070-4231-1044",영등포구
"(주)에이지","영업중","서울특별시 영등포구 신길4동 235번지 파자상가 4층 507호","070-8746-3895",영등포구
"코로나소독협회","영업중","서울특별시 영등포구 대림동 688번지 12호","",영등포구
"스카다엔지니어링","영업중","","02-842-5525",영등포구
"버그벅스","영업중","서울특별시 영등포구 당산동6가 328번지 4호","",영등포구
"(주)진은종합개발","영업중","서울특별시 영등포구 당산동6가 339번지 3호 환희빌딩 3층","02-2631-3954~6",영등포구
"(주)대양비앤씨","폐업","","",영등포구
"서울영등포지역자활센터","영업중","","02-848-0600",영등포구
"(주)청솔이엔브이","영업중","서울특별시 영등포구 영등포동7가 94번지 369호","2637-2881",영등포구
"(주)물과공기","영업중","서울특별시 영등포구 여의도동 12번지 5호","",영등포구
"(주)삼정맨파워","영업중","","02-798-7775",영등포구
"보흥실업(주)","영업중","","02-761-0633",영등포구
"(주)건은","영업중","","02-780-0558",영등포구
"(주)엔와이파트너스","폐업","","02-769-1024",영등포구
"석대ENG(주)","폐업","서울특별시 영등포구 신길3동 329번지 35호","831-6566",영등포구
"태린이엔씨","폐업","","02-2068-8933",영등포구
"성원방역공사","영업중","","02-835-8114",영등포구
"샤론이엠에스(주)","폐업","서울특별시 영등포구 양평동3가 77번지 80호","",영등포구
"버그프리","영업중","","",영등포구
"(주)푸른숲조경","","서울특별시 영등포구 당산동3가 42번지 2층","02-2069-4455",영등포구
"바퀴벌레 퇴치 라이크","영업중","서울특별시 영등포구 양평동2가 34번지 15호","1600-0696",영등포구
"(유)대주에이치알","영업중","서울특별시 영등포구 당산동2가 11번지 6호 2층","",영등포구
"(주)미래에이치알에스","폐업","서울특별시 영등포구 당산동6가 234번지 16호","3667-7490",영등포구
"두레ENC","영업중","","833-0222",영등포구
"서천환경(주)","영업중","서울특별시 영등포구 신길7동 690번지 1층","485-5367",영등포구
"영보환경","폐업","","02-2675-6483",영등포구
"로취에이원","영업중","서울특별시 영등포구 당산동1가 9번지 1호 코오롱아파트 44~45호","02-884-1195",영등포구
"비티엠써비스","영업중","서울특별시 영등포구 문래동3가 55번지 2호 에이스하이테크시티","02-3483-2000",영등포구
"리에이즈 서비스 주식회사","영업중","서울특별시 영등포구 당산동3가 552번지 3호 신일빌딩","02-6478-2100",영등포구
"(주) 발렉스서비스","영업중","서울특별시 영등포구 여의도동 23번지 6호 한국휴렛팩커드빌딩","02-707-0680",영등포구
"청수기업사","영업중","서울특별시 영등포구 신길동 219번지 5호","02-834-4173",영등포구
"(주)인광지엔이","휴업","","",영등포구
"전국기초생활수급자 복지중앙회","영업중","","1661-3239",영등포구
"이수환경공사(주)","영업중","서울특별시 영등포구 당산동3가 558번지 3호 2층","02-3281-6463",영등포구
"(주)에스제이파워","영업중","서울특별시 영등포구 양평동1가 28번지 2호","02-2069-1012",영등포구
"에이젯클린(AZClean)","영업중","","",영등포구
"닥터버그","영업중","서울특별시 영등포구 당산동1가 9번지 1호 당산동코오롱주.상복합아파트","02-306-7959",영등포구
"(주)정인비티엠","폐업","서울특별시 영등포구 신길5동 449번지 37호","832-0095",영등포구
"(사)환경사랑나눔회 희망세상제작단","폐업","","02-3667-3151",영등포구
"(주)엠피에스","영업중","","02-334-8811",영등포구
"주식회사 성우서비스","영업중","서울특별시 영등포구 양평동1가 116번지 48호","02-3273-7030",영등포구
"(주)삼오종합관리","폐업","서울특별시 영등포구 도림동 266번지 2호","02-835-3535",영등포구
"(주)올포원지엠","영업중","서울특별시 영등포구 영등포동7가 29번지 128호 2층","783-0081",영등포구
"(주)비젼FMS코리아","영업중","서울특별시 영등포구 신길7동 829번지 2층","02-423-0341~2",영등포구
"(주)엑큐","영업중","서울특별시 영등포구 양평동3가 16번지 양평동우림 이 비지센타","02-578-6336",영등포구
"SK방역테크","영업중","서울특별시 영등포구 영등포동7가 94번지 14호 우성빌딩 7층","02-2672-3735",영등포구
"굿모닝씨앤씨(주)","영업중","서울특별시 영등포구 양평동3가 46번지","02-2628-5780",영등포구
"(주)제로맨","영업중","서울특별시 영등포구 당산동6가 328번지 4호","02-1544-2650",영등포구
"현풍개발(주)","영업중","","02-2672-5670",영등포구
"(주)우림맨테크","영업중","","02-2630-0936",영등포구
"(주)고암","영업중","","02-326-3011",영등포구
"주식회사 나음","영업중","서울특별시 영등포구 당산동6가 323번지","3454-1994",영등포구
"다이음(주)","영업중","서울특별시 영등포구 당산동6가 329번지 4호","",영등포구
"은혜","폐업","서울특별시 영등포구 대림3동 667번지 11호   201호","",영등포구
"(주)정다운 세상","영업중","서울특별시 영등포구 대림3동 605번지 31호","",영등포구
"(주)곰두리토탈서비스","영업중","서울특별시 영등포구 영등포동8가 92번지","02-2632-2021",영등포구
"흥안실업(주)","영업중","서울특별시 영등포구 신길3동 225번지 30호","249-2591",영등포구
"주식회사 대건기업","영업중","서울특별시 영등포구 대림3동 778번지 42호 명진빌딩 5층","02-783-9111",영등포구
"금정클린","폐업","","050-5553-1119",영등포구
"엠알지케이 주식회사","영업중","서울특별시 영등포구 여의도동 53번지 1호","02-711-5000",영등포구
"주식회사 승학","영업중","서울특별시 영등포구 당산동4가 94번지 1호","909-2906",영등포구
"이레피엔알","폐업","서울특별시 영등포구 당산동1가 115번지","070-4131-9090",영등포구
"(주)디아코니아","폐업","서울특별시 영등포구 여의도동 14번지 32호 정원빌딩 308호","",영등포구
"(주)서비스엠","폐업","","1688-5360",영등포구
"JS","폐업","서울특별시 영등포구 문래동1가 96번지 4호 (402호)","02)2677-1674",영등포구
"대성종합관리","영업중","","02-2631-5357",영등포구
"(주)그린온","영업중","서울특별시 영등포구 양평동3가 13번지","02-6010-7735",영등포구
"(주)고도시스템","영업중","서울특별시 영등포구 여의도동","2699-0855",영등포구
"학교환경개선지원센터","영업중","서울특별시 영등포구 양평동4가 7번지 3호 영창빌딩","02-2635-7777",영등포구
"세화 환경관리","영업중","","02-2676-1919",영등포구
"(주)대륙BTS","폐업","","02-834-4454",영등포구
"케이에스테크(KS-TECH)","영업중","서울특별시 영등포구 신길동 2096번지","02-712-9551",영등포구
"시마&클린","폐업","","02-847-1970",영등포구
"서울청소체","영업중","서울특별시 영등포구 문래동4가 67 리버뷰 신안인스빌","",영등포구
"홈앤아이 클린케어","폐업","서울특별시 영등포구 영등포동6가 68번지 5호 경암빌딩","02-774-5001",영등포구
"은나노 매직크린","영업중","서울특별시 영등포구 신길동 4716번지 지하 1층","",영등포구
"풍성산업","영업중","서울특별시 영등포구 양평동2가 36번지 37호","",영등포구
"(주)삼양인터내셔날","영업중","서울특별시 영등포구 당산동4가 80번지 보헌빌딩","02-6450-0510",영등포구
"에이티크리에이션(주)","폐업","","02-3141-4551",영등포구
"엘림에스 주식회사","영업중","서울특별시 영등포구 양평동2가 35번지 6호","",영등포구
"노바의료기","영업중","","02-2638-0005",영등포구
"승리체육산업(주)","영업중","서울특별시 영등포구 문래동5가 9 벽산디지털밸리","833-2355",영등포구
"K나라방역크린","영업중","서울특별시 영등포구 대림동 672번지 7호","",영등포구
"(주) 거영피엠씨","영업중","서울특별시 영등포구 양평동2가 23 양평동벽산블루밍아파트","786-0195",영등포구
"(주)두레비즈","폐업","서울특별시 영등포구 여의도동 16번지 3호 산업은행본점 지하1층","02-787-7987",영등포구
"(주)금강종합관리","폐업","","02-2677-9333",영등포구
"(주)행복이 가득한 미래관리","영업중","서울특별시 영등포구 대림동 651번지 4호 방남빌딩 201호","02-852-6801",영등포구
"(주)민창개발","영업중","서울특별시 영등포구 영등포동1가 27번지 3호 금반석시티빌8차","525-2587",영등포구
"(주)성진시스템즈","영업중","서울특별시 영등포구 당산동 121번지 155호 동우빌딩 4층","02-2679-6947",영등포구
"(주)크린코스","영업중","","2671-1573",영등포구
"(사)국민안전교육연수원","영업중","서울특별시 영등포구 문래동3가 54번지 37호","02-2633-5595",영등포구
"승학에듀","영업중","서울특별시 영등포구 당산동4가 94번지 1호 당산2차삼성아파트","",영등포구
"주식회사 에이지클린케어","영업중","","",영등포구
"(주)금조산업","영업중","서울특별시 영등포구 여의도동 13번지 여의도파라곤","02-761-1138",영등포구
"에이원","영업중","서울특별시 영등포구 당산동6가 328번지 4호 우성빌딩","",영등포구
"태린이엔씨","영업중","서울특별시 영등포구 양평동2가 23번지","02-2068-8933",영등포구
"(주)유니피플","영업중","서울특별시 영등포구 당산동 121번지 73호 영등빌딩","02-2676-1730",영등포구
"주식회사 버그벅스","영업중","서울특별시 영등포구 당산동6가 328번지 4호 우성빌딩","02-1661-3592",영등포구
"그린F5 영등포본부","영업중","서울특별시 영등포구 신길동 1351번지 3호 천록빌딩","02-844-1009",영등포구
"영등포클린협동조합(자활기업)","영업중","서울특별시 영등포구 신길동 67번지 1호 신길동경남아파트","02-833-2119",영등포구
"더좋은세상","영업중","서울특별시 영등포구 대림동 683번지 21호","",영등포구
"주식회사 이에스엘에듀케이션","영업중","서울특별시 영등포구 당산동 121번지 59호 당산빌딩","02-2675-6633",영등포구
"에스클린","영업중","서울특별시 영등포구 당산동3가 395-25","",영등포구
"윌앤비전","영업중","서울특별시 영등포구 당산동4가 80번지 당산 SK V1 center","02-6943-8208",영등포구
"미성엠프로 주식회사","영업중","서울특별시 영등포구 당산동3가 260번지","02-3660-6806",영등포구
"주식회사 미성지에스이","영업중","서울특별시 영등포구 당산동3가 260번지","02-3660-6806",영등포구
"(주)삼정맨파워","영업중","서울특별시 영등포구 양평동1가 89번지 16호","02-798-7775",영등포구
"주식회사 유민아이엔티","영업중","서울특별시 영등포구 영등포동 592번지 1호","070-4228-2536",영등포구
"(주)에스제이파워","영업중","서울특별시 영등포구 양평동1가 89번지 16호","02-2069-1012",영등포구
"에이원에이","영업중","서울특별시 영등포구 당산동6가 328번지 4호 우성빌딩","",영등포구
"(주)고암에이스","영업중","","02-2631-3011",영등포구
"한국교육환경종사자협동조합","영업중","서울특별시 영등포구 대림동 700-3 대명빌딩","",영등포구
"신우산업관리(주)","영업중","서울특별시 영등포구 당산동4가 74-2 금강 펜테리움 IT타워 1101호","02-587-7691",영등포구
"(주) 두리교우파워시스템","영업중","서울특별시 종로구 명륜2가 93번지","02-766-5477",종로구
"(주)뉴브테크","영업중","서울특별시 종로구 창신동 327번지 2호 금호팔레스빌딩 1706호","6261-3737",종로구
"명성코리아","폐업","서울특별시 종로구 무악동 63번지 4호 2층","733-3355",종로구
"페스콘 방역","폐업","서울특별시 종로구 인사동 153번지 3호 금좌빌딩 303호","954-3828",종로구
"아스코텍유한회사","폐업","서울특별시 종로구 연지동 105번지 감자빌딩 202호","745-8879",종로구
"나노코리아","영업중","서울특별시 종로구 묘동 88번지 1호","",종로구
"우지기업주식회사","영업중","서울특별시 종로구 내자동 167번지 2호 2층","",종로구
"녹색방역","영업중","","",종로구
"(주)진명스탭스","영업중","서울특별시 종로구 신문로1가 238번지 신문로빌딩","02-738-9126",종로구
"(주)에스제이파워","영업중","서울특별시 종로구 관수동 21번지 8호","02-2069-1012",종로구
"탑아트","직권폐업","서울특별시 종로구 무악동 46번지 915호","02-739-6220",종로구
"체신개발공사","영업중","서울특별시 종로구 숭인2동 1390번지 서진빌딩 309호","",종로구
"벅스제로방역","영업중","서울특별시 종로구 창신동 703번지 창신쌍용아파트 2지구 상가내 지하 11호","742-3996",종로구
"4.19민주혁명회","폐업","","02-2299-0529",종로구
"(주)에프엠텍","폐업","서울특별시 종로구 운니동 98번지 5호 삼환빌딩 8층","738-8888",종로구
"다니엘워커(주)","폐업","서울특별시 종로구 원서동 228번지 볼재빌딩 6층","3672-7007",종로구
"사단법인 한국노년복지연합","영업중","","1661-9988",종로구
"(주) 에이원티엠에스","영업중","서울특별시 종로구 종로1가 24번지 르메이에르종로타운1","031-903-7018",종로구
"우송 홈케어","영업중","서울특별시 종로구 혜화동 185번지 중원빌딩","",종로구
"신영방역","영업중","서울특별시 종로구 필운동 290번지 302호","",종로구
"벅스 라이프","","","",종로구
"주식회사포그린홀딩스","폐업","서울특별시 종로구 숭인2동 206번지 15호","",종로구
"(주)두송인더스트리","영업중","서울특별시 종로구 숭인2동 201번지 6호 삼광빌딩301호","253-7161",종로구
"매화기업","폐업","서울특별시 종로구 숭인2동 211번지 11호 4층","",종로구
"(주)삼정맨파워","영업중","","02-798-7775",종로구
"진형종합관리(주)","영업중","서울특별시 종로구 숭인동 211번지 11호","0222524950",종로구
"영진비엠에스(주)","영업중","서울특별시 종로구 돈의동 39번지 2호 낙원오피스텔","02-763-1038",종로구
"(주)현대에쓰앤에쓰","영업중","서울특별시 종로구 내자동 186번지 광희빌딩","02-739-6658",종로구
"두레시닝 주식회사","영업중","서울특별시 종로구 관수동 152번지 1호","2280-5358",종로구
"(주)태강티엠에스","영업중","서울특별시 종로구 숭인2동 908번지   101호","02-929-1771",종로구
"(주)자운씨앤에스","영업중","서울특별시 종로구 숭인동 1367번지","02-921-3323",종로구
"주식회사 토마토씨에이피","영업중","서울특별시 종로구 수송동 58번지 두산위브파빌리온","",종로구
"싼타씨앤에스 주식회사","영업중","","02-2269-7132",종로구
"동서종합관리","영업중","서울특별시 종로구 종로5가 138번지 19호","02-2263-3042",종로구
"주식회사 씨앤에스자산관리","영업중","서울특별시 종로구 적선동 80번지 현대제일빌딩9층","732-9676",종로구
"잡에취에스 주식회사","영업중","서울특별시 종로구 이화동 90번지 11호","02-572-5765",종로구
"주식회사 더맨","영업중","","",종로구
"호스텔 토미","영업중","서울특별시 종로구 와룡동 68번지 원광빌딩","",종로구
"(주)에스비에이드","영업중","서울특별시 종로구 숭인동 1371번지 5층","02-711-5387",종로구
"방역시대","영업중","서울특별시 종로구 당주동 170번지 2호","02-321-2888",종로구
"주식회사 한옥살림","영업중","서울특별시 종로구 명륜1가 31번지 6호","02-6959-0375",종로구
"주식회사 더클린종합관리","영업중","서울특별시 종로구 관수동 20 국일관드림펠리스","",종로구
"그린F5 종로본부","영업중","서울특별시 종로구 숭인동 56번지 21호 도로시하우스","",종로구
"(주)모스테크","영업중","서울특별시 종로구 명륜4가 188번지 24호","02-766-5758",종로구
"(주)영그린훼밀리","영업중","서울특별시 종로구 숭인동 1422번지 503호","",종로구
"(주)케이디앤컴퍼니","영업중","서울특별시 중랑구 신내동","02-2233-9991",중랑구
"서울중랑유린지역자활센터","영업중","서울특별시 중랑구 신내동 574번지 3층","02-436-4767",중랑구
"한일소독","영업중","서울특별시 중랑구 면목동 174번지 80호 피스풀하우스","",중랑구
"(주)광개토환경","영업중","서울특별시 중랑구 망우동 355번지 33호","",중랑구
"(주)환경 일일구세상","폐업","서울특별시 중랑구 면목동 면목1차 두산@ 1층 8호","",중랑구
"더하라 클린 앤 케어","영업중","서울특별시 중랑구 면목동 383-2 삼성리치빌","",중랑구
"에스지클린(주)","폐업","서울특별시 중랑구 면목2동 192번지 70호  4층","02-2208-1270",중랑구
"한국청소산업(주)","영업중","서울특별시 중랑구 상봉동 120번지 8호 동화빌딩","02-433-0666",중랑구
"(주)동일아이티","폐업","서울특별시 중랑구 중화2동 320번지 113호 1층","02-438-0187",중랑구
"중랑구새마을협동조합","영업중","","02-2209-2237",중랑구
"주안환경개발","폐업","서울특별시 중랑구 망우동 357번지 7호","3421-4343",중랑구
"(주)에이스원그룹","직권폐업","서울특별시 중랑구 상봉동 125번지 3호","",중랑구
"주식회사 원제이시스템","영업중","","02-3391-7707",중랑구
"한울 P.S&D","영업중","서울특별시 중랑구 망우동 364번지 50호 아름빌딩 106호","02-493-8255",중랑구
"오투씨앤씨","폐업","서울특별시 중랑구 신내동 502번지 5호 대명프라자 230호","",중랑구
"중랑구재활용센터(주)","폐업","서울특별시 중랑구 면목동","02-435-7272",중랑구
"그린시아","영업중","서울특별시 중랑구 묵동 242번지 42호","",중랑구
"(주)세스코 서울중부지사","영업중","서울특별시 중랑구 면목동 161번지 34호","2212-0988",중랑구
"(주)다누리건설","폐업","서울특별시 중랑구 망우동 350번지 22호 2층","02-495-5336",중랑구
"Dr. Care","영업중","서울특별시 중랑구 면목동 150번지 34호 대우부동산","",중랑구
"경동개발","폐업","서울특별시 중랑구 면목본동 555번지 12호","469-2121",중랑구
"제일방역","영업중","서울특별시 중랑구 중화동 158번지 4호","2209-5324",중랑구
"(주)더죤환경기술","영업중","서울특별시 중랑구 묵2동 245번지 64호 우성아파트 상가 1동 110호","975-8422",중랑구
"제이엠클린","폐업","서울특별시 중랑구 면목동 166번지 27호","02-491-6240",중랑구
"챔피언방역","영업중","상봉동 115번지 12호","",중랑구
"제하방제","","서울특별시 중랑구 중화동 331번지 133호","02-3292-1009",중랑구
"(주)세스코 서울동북지사","영업중","서울특별시 중랑구 묵2동 239번지 134호 3층","02-3296-4312",중랑구
"(주)대성이에스엠","영업중","서울특별시 중랑구 망우본동 360번지 11호","02-438-2220",중랑구
"제일스마일종합관리","영업중","서울특별시 중랑구 중화동 325번지 3호 대림효성","",중랑구
"(주)스마일종합관리","영업중","서울특별시 중랑구 상봉2동 83번지 1호","02-443-1224",중랑구
"(주)전국일터","영업중","서울특별시 중랑구 면목동 146번지 20호 삼성빌딩 4층","",중랑구
"한성클린방역(HANSUNG CLEAN)","영업중","서울특별시 중랑구 상봉동 116번지 12호","",중랑구
"ECO-nori","폐업","서울특별시 중랑구 망우본동 495번지 한일서너스빌리센시 201동 2216호","02-493-0978",중랑구
"(주) 천우안전","휴업","서울특별시 중랑구 망우동 133번지 13호","",중랑구
"(주)두송인더스트리","영업중","","1599-2388",중랑구
"중랑구립직업재활센터","영업중","","02-977-8291",중랑구
"(주)제일보안네트","영업중","","1544-1159",중랑구
"(주)상봉에스디","영업중","서울특별시 중랑구 면목동 502번지 7호 1층","2209-0591",중랑구
"모두크린(주)","영업중","서울특별시 중랑구 망우동 493-4 용재빌딩","02-433-1861",중랑구
"(주)신한공사","영업중","서울특별시 중랑구 상봉2동","496-4383",중랑구
"(주)동명환경","영업중","서울특별시 중랑구 신내동 255번지 1호","949-0371",중랑구
"홈턴","영업중","서울특별시 중랑구 면목동 576번지 9호 202호","1588-5161",중랑구
"늘푸른꿈","영업중","서울특별시 중랑구 중화동 284번지 6호","",중랑구
"바퀴119 그린환경","영업중","서울특별시 중랑구 면목동 1502번지 면목현대아파트 상가동 107호","2207-6645",중랑구
"벅스라이프","영업중","서울특별시 중랑구 망우동 518번지 36호","",중랑구
"(주)다나눔","영업중","서울특별시 중랑구 망우동 450번지 3호 월드레져스포츠","1544-2138",중랑구
"(주)에이스원","폐업","서울특별시 중랑구 중화동 301번지 28호","",중랑구
"(주)씨엠시설","영업중","서울특별시 중랑구 중화2동 307번지 1호 제일프라자 403호","434-1288",중랑구
"방역맨","영업중","서울특별시 중랑구 신내동 786번지 동성타워프라자","02-582-2010",중랑구
"주식회사 성우케이앤씨","영업중","서울특별시 중랑구 면목동 131-10 김용한의원","",중랑구
"주영테크","영업중","서울특별시 중랑구 상봉동 190번지 67호","02-437-4255",중랑구
"(주)태강티엠씨","폐업","","",중랑구
"(주)에이스원그룹","폐업","서울특별시 중랑구 중화동 284번지 7호 이삭고시텔","1899-8811",중랑구
"(주)티에이치서비스","영업중","서울특별시 중랑구 면목동 564번지 13호","494-5568",중랑구
"(주) 에스앤산업","영업중","서울특별시 중랑구 상봉동 88번지 58호 승조오피스텔","02-2207-6765",중랑구
"한울 P.S&D","영업중","서울특별시 중랑구 망우동 364번지 50호 아름빌딩","02-493-8255",중랑구
"크린 가드","영업중","서울특별시 중랑구 면목동 456번지 4호","",중랑구
"제이엠클린","영업중","서울특별시 중랑구 망우동 460-35","",중랑구
"프라임","영업중","서울특별시 중랑구 면목동 212번지 1호","",중랑구
